2020-04-01,Kansas,Leavenworth County,Hardware Stores,4ba2a57af964a5204b0c38e3,The Home Depot,1
2020-04-01,Kansas,Wyandotte County,Colleges & Universities,4e3a8902aeb7ec67028d2b6f,The University of Kansas Medical Center,1
2020-04-01,Kansas,Wyandotte County,Colleges & Universities,4ce2f715ef0f3704446f2da2,Kansas State School for the Blind,2
2020-04-01,Kansas,Franklin County,School,4c94daba533aa0936210c345,Wellsville High School,1
2020-04-01,Kansas,Lyon County,Fast Food Restaurants,4c6d394165eda09362ee4dd0,SONIC Drive In,1
2020-04-01,Kansas,Geary County,Fast Food Restaurants,4c516c559d642d7f425381dd,Burger King,1
2020-04-01,Kansas,Geary County,Fast Food Restaurants,4d0a253282aaa093f64ad4c2,McDonald's,2
2020-04-01,Kansas,Barton County,Arts & Entertainment,4c2bb519d1a10f47395ef864,Walnut Bowl,1
2020-04-01,Kansas,Barton County,Drug Store,4c600b0623e303bb5fd17407,Walgreens,1
2020-04-01,Kansas,Wyandotte County,School,50534a20e4b088edb0523cc5,Fairfax,1
2020-04-01,Kansas,Wyandotte County,School,4de5c305b0fb5cbf0ea1f34b,Grant Elementary,2
2020-04-01,Kansas,Douglas County,Convenience Store,4b4a90f2f964a520be8a26e3,QuikTrip,1
2020-04-01,Kansas,Pottawatomie County,Food,4c07b87c708c2d7fb05bca63,Starbucks,1
2020-04-01,Kansas,Russell County,Food,4ced2f21840a9eb036e19f13,Casey's General Store,1
2020-04-01,Kansas,Shawnee County,Medical,4b58f903f964a520437628e3,St. Francis Health Center,1
2020-04-01,Kansas,Shawnee County,Medical,4c4d929a9efabe9ae17db868,Topeka Veterans Affairs Medical Center,2
2020-04-01,Kansas,Shawnee County,Medical,4b630c6ef964a520b55f2ae3,Stormont-Vail HealthCare,3
2020-04-01,Kansas,Shawnee County,Medical,575ab1ef498ec023d209839e,Cotton O' Neil Orthopedics,4
2020-04-01,Kansas,Harvey County,Office,4c5b609b85a1e21ef8fb5311,Agco,1
2020-04-01,Kansas,Ness County,Convenience Store,4fb01341e4b08a2bb9ee5a54,Mini Super Mart,1
2020-04-01,Kansas,Seward County,Fast Food Restaurants,4bfec3b8ca1920a1a0cdeb81,Wendy’s,1
2020-04-01,Kansas,Lyon County,Big Box Stores,4b841964f964a520a42031e3,Walmart Supercenter,1
2020-04-01,Kansas,Neosho County,Grocery,4d23d00ac5f2a1cdc1714ecf,G&W Foods,1
2020-04-01,Kansas,Sedgwick County,Residences,5404e54a498ed2702be91c4d,fabrique neighborhood,1
2020-04-01,Kansas,Sedgwick County,Residences,4d4e4d5f122b5481ae33844f,Tall Oaks Apartments,2
2020-04-01,Kansas,Sedgwick County,Residences,4b993203f964a520d56835e3,Southlake Village Apartments,3
2020-04-01,Kansas,Sedgwick County,Residences,4e36ca9a8877beb5e9b95249,Plainview,4
2020-04-01,Kansas,Jefferson County,Convenience Store,4c2f9c32452620a1cdda1d0f,Casey's General Store,1
2020-04-01,Kansas,Johnson County,Convenience Store,58b4a4f49f8b86376f871595,QuikTrip,1
2020-04-01,Kansas,Johnson County,Convenience Store,4b73957cf964a520efb42de3,QuikTrip,2
2020-04-01,Kansas,Johnson County,Convenience Store,4ad7a228f964a520110d21e3,QuikTrip,3
2020-04-01,Kansas,Johnson County,Convenience Store,5baa78cb446ea6002ce5337d,QuikTrip,4
2020-04-01,Kansas,Johnson County,Convenience Store,4af4e1fdf964a52038f721e3,QuikTrip,5
2020-04-01,Kansas,Johnson County,Convenience Store,4fc69d1de4b0035512382334,QuikTrip,6
2020-04-01,Kansas,Johnson County,Convenience Store,4af8af80f964a5202c0f22e3,QuikTrip,7
2020-04-01,Kansas,Johnson County,Convenience Store,5256b190498e25ef7588594c,QuikTrip,8
2020-04-01,Kansas,Johnson County,Convenience Store,4b43a063f964a520a2e425e3,QuikTrip,9
2020-04-01,Kansas,Johnson County,Convenience Store,4b2472b2f964a520a66724e3,QuikTrip,10
2020-04-01,Kansas,Johnson County,Convenience Store,519e1480498eb6f277f2d277,QuikTrip,11
2020-04-01,Kansas,Johnson County,Convenience Store,4b5b5a09f964a520e4f628e3,QuikTrip,12
2020-04-01,Kansas,Johnson County,Convenience Store,500eeb1e6de406feaec6af8a,7-Eleven,13
2020-04-01,Kansas,Johnson County,Convenience Store,4b3d448bf964a520569125e3,QuikTrip,14
2020-04-01,Kansas,Johnson County,Convenience Store,5ae79b1dff0306002c888385,Casey's General Store,15
2020-04-01,Kansas,Johnson County,Convenience Store,4fb44207e4b0186ba35d45b9,7-Eleven,16
2020-04-01,Kansas,Johnson County,Convenience Store,4ff9e90ce4b0fb4a847a0989,QuikTrip,17
2020-04-01,Kansas,Johnson County,Medical,4c7276e78efc3704deee127d,AdventHealth Shawnee Mission,1
2020-04-01,Kansas,Johnson County,Medical,4bd9b099e914a5937b6b57fa,Olathe Medical Center,2
2020-04-01,Kansas,Johnson County,Medical,5942d6a33af9883484cc6b8a,Saint Luke's Convenient Care,3
2020-04-01,Kansas,Johnson County,Medical,4f9056cfe4b07ffef0f52e36,Olathe Medical Center Emergency Room,4
2020-04-01,Kansas,Leavenworth County,Big Box Stores,4b88893ef964a5200aff31e3,Walmart Supercenter,1
2020-04-01,Kansas,Osborne County,School,4dd8672aae60680f152038d7,Osborne High School,1
2020-04-01,Kansas,Sheridan County,Gas Stations,4c84ef19ee6fef3b74a7385c,Stop 2 Shop,1
2020-04-01,Kansas,Saline County,Convenience Store,4c1aa1ab8b3aa5939eee955f,Kwik Shop,1
2020-04-01,Kansas,Ford County,Fast Food Restaurants,4c1e722d8b3aa5938f199c5f,SONIC Drive In,1
2020-04-01,Kansas,Leavenworth County,Grocery,4c6ae59c599fbe9ae670913f,Price Chopper,1
2020-04-01,Kansas,Leavenworth County,Grocery,4b969805f964a5202bd734e3,Dillons,2
2020-04-01,Kansas,Leavenworth County,Grocery,4b96fd3af964a52024f234e3,ALDI,3
2020-04-01,Kansas,Leavenworth County,Grocery,4bc744652f94d13a0090117f,Fort Leavenworth Commissary,4
2020-04-01,Kansas,Leavenworth County,Grocery,4c55b6a706901b8d354df44d,B&J country Mart Tonganoxie,5
2020-04-01,Kansas,Lyon County,Shops & Services,5993b19693bd635a78ee1b75,Hobby Lobby,1
2020-04-01,Kansas,Lyon County,Shops & Services,4fb6ac60e4b0451d41a4f74e,Wash House Complete Laundry Service,2
2020-04-01,Kansas,Crawford County,Hardware Stores,4c12822fb7b9c92885eca737,The Home Depot,1
2020-04-01,Kansas,Dickinson County,Gas Stations,4fb2a902e4b04fafbcb2bfa3,Ampride,1
2020-04-01,Kansas,Dickinson County,Gas Stations,4be72bb2910020a14a20d514,24/7 Gas Station,2
2020-04-01,Kansas,Harper County,Fast Food Restaurants,4c891392a0ffb60cac5f27c5,McDonald's,1
2020-04-01,Kansas,McPherson County,Medical,4bb33c914019a59304a637b8,Family Practice Associates,1
2020-04-01,Kansas,Neosho County,Gas Stations,4e9e4aa0b8f7dc8c48c4a2a0,Smithy Express,1
2020-04-01,Kansas,Sherman County,Medical,4e57fe81227131507c9599d0,Goodland Family Health Center,1
2020-04-01,Kansas,Reno County,Convenience Store,5b874df71f8ed6002cc3a52a,Yesway,1
2020-04-01,Kansas,Reno County,Convenience Store,4bd85cefdc4b9521d2eb7888,Kwik Shop,2
2020-04-01,Kansas,Crawford County,Fast Food Restaurants,4ba2719ef964a5208cf937e3,SONIC Drive In,1
2020-04-01,Kansas,Geary County,Shops & Services,4f3ed62de4b0a793b32e20b1,Champion's Car Wash,1
2020-04-01,Kansas,Sumner County,Fast Food Restaurants,4bfdc0788992a593eca3acb0,SONIC Drive In,1
2020-04-01,Kansas,Anderson County,Discount Stores,4dd57e78bd41965192d12061,Dollar General,1
2020-04-01,Kansas,Lyon County,Hardware Stores,4ca77b7776d3a093cc090c6b,Bluestem Farm & Ranch Supply,1
2020-04-01,Kansas,Butler County,Big Box Stores,4c018ee5b58376b0c35e443c,Walmart Supercenter,1
2020-04-01,Kansas,Butler County,Big Box Stores,4b9abc49f964a52015d135e3,Walmart Supercenter,2
2020-04-01,Kansas,Johnson County,Travel & Transport,523f322f498ec5914e267eca,LPKC,1
2020-04-01,Kansas,Johnson County,Travel & Transport,4e19c280a8097d08b24353e9,Northgate And Woodland Railroad Crossing,2
2020-04-01,Kansas,Johnson County,Travel & Transport,4ec6b0806c251306ca7a6484,F'n Olathe Trains!,3
2020-04-01,Kansas,Johnson County,Travel & Transport,4d1988551356a093e3e2ea82,143rd and Antioch,4
2020-04-01,Kansas,Johnson County,Travel & Transport,59600e03f427de5e699019f9,Harold and Northgate  Railroad Crossing,5
2020-04-01,Kansas,Brown County,Big Box Stores,4c2ce15a2219c92845d3a648,Walmart Supercenter,1
2020-04-01,Kansas,Morris County,Government,4f8cfccce4b04d08b7ec01b4,morris county sheriffs department,1
2020-04-01,Kansas,Ellis County,Fast Food Restaurants,4bd0976377b29c746a108b82,SONIC Drive In,1
2020-04-01,Kansas,Harvey County,Big Box Stores,4b6cd03af964a52043562ce3,Walmart Supercenter,1
2020-04-01,Kansas,Miami County,Grocery,4b7cbdecf964a520b9a32fe3,Price Chopper,1
2020-04-01,Kansas,Miami County,Grocery,4c379238ae2da593a620ffc5,Price Chopper,2
2020-04-01,Kansas,Miami County,Grocery,4b9d4e07f964a52001a236e3,Price Chopper,3
2020-04-01,Kansas,Pratt County,Food,4bce008429d4b7131ec3a7dc,Chapeau,1
2020-04-01,Kansas,Lyon County,Gas Stations,4c0120d0de3376b0f049f9a4,Flying J,1
2020-04-01,Kansas,Lyon County,Gas Stations,51a62e1d498edd2ee18b4ba8,Valero,2
2020-04-01,Kansas,Lyon County,Gas Stations,4b75fce2f964a52089342ee3,Short Stop,3
2020-04-01,Kansas,Sherman County,Gas Stations,4e4570ba52b1bac0d968884e,24/7 Travel Store,1
2020-04-01,Kansas,Wyandotte County,Nightlife Spots,4e474200b61c03d0cd183dcc,Firelight Lounge,1
2020-04-01,Kansas,Harvey County,Food,4b8be478f964a520e0b032e3,Casey's General Store,1
2020-04-01,Kansas,Harvey County,Food,4e26033bb0fbe53aad04ac7e,Kilroy's Pizza,2
2020-04-01,Kansas,Harvey County,Food,56315e0f498ea9138e22f490,The Barn Burrton KS,3
2020-04-01,Kansas,Harvey County,Gas Stations,4b8ab475f964a520137b32e3,Newell Truck Plaza,1
2020-04-01,Kansas,Bourbon County,Big Box Stores,4ba4dc36f964a52013bc38e3,Walmart Supercenter,1
2020-04-01,Kansas,Ford County,Shops & Services,4d19586dbb64224b1d44ce65,Dodge City Harley-Davidson,1
2020-04-01,Kansas,Montgomery County,School,4c8117d4d22d199c9e2adc93,Independence High School,1
2020-04-01,Kansas,Montgomery County,School,4b871536f964a52092af31e3,Jump Start,2
2020-04-01,Kansas,Seward County,Big Box Stores,4c256bc3a852c928b4f5e46c,Walmart Supercenter,1
2020-04-01,Kansas,Wyandotte County,Discount Stores,4f903e39e4b0b1a3efdc6abc,Family Dollar,1
2020-04-01,Kansas,Wyandotte County,Shops & Services,504de191e4b00c010962d424,Sam's Club,1
2020-04-01,Kansas,Wyandotte County,Shops & Services,4ada2184f964a520d71e21e3,Legends Outlets Kansas City,2
2020-04-01,Kansas,Wyandotte County,Shops & Services,4aec62b4f964a52089c621e3,Cabela's,3
2020-04-01,Kansas,Wyandotte County,Shops & Services,4da0aafb7aee5481e48daffe,Pick N Pull,4
2020-04-01,Kansas,Wyandotte County,Shops & Services,4cb46995eb65b1f70bd489cd,Ussery Body Shop,5
2020-04-01,Kansas,Wyandotte County,Shops & Services,5988986b9ec3995203f6c9eb,Walmart Photo Center,6
2020-04-01,Kansas,Wyandotte County,Shops & Services,4ca8a3c8b0b8236a1150b5e6,Certainteed Insulation,7
2020-04-01,Kansas,Wyandotte County,Shops & Services,57265bf5498e0709d8ed528e,Midway U Pull - Muncie,8
2020-04-01,Kansas,Ford County,Big Box Stores,4b5e2ac0f964a520648129e3,Walmart Supercenter,1
2020-04-01,Kansas,Gove County,Outdoors & Recreation,52ab55ff11d20cca1ec4e64d,Neverending Kansas,1
2020-04-01,Kansas,Ellis County,Big Box Stores,4b54f11ff964a52054d427e3,Walmart Supercenter,1
2020-04-01,Kansas,Johnson County,Grocery,5996d03506fb607c8e3e244a,Walmart Grocery Pickup and Delivery,1
2020-04-01,Kansas,Johnson County,Grocery,5aab07f44940bc48fe19dbd9,Walmart Grocery Pickup & Delivery,2
2020-04-01,Kansas,Johnson County,Grocery,5996ed9241868661173cd37d,Walmart Grocery Pickup and Delivery,3
2020-04-01,Kansas,Johnson County,Grocery,4add03c1f964a5207c6321e3,Hy-Vee,4
2020-04-01,Kansas,Johnson County,Grocery,5996dee2d8096e725fb14d19,Walmart Grocery Pickup and Delivery,5
2020-04-01,Kansas,Johnson County,Grocery,4aedf373f964a52094d021e3,Price Chopper,6
2020-04-01,Kansas,Johnson County,Grocery,512d55cee4b0cbe0c6a8f11e,Hy-Vee,7
2020-04-01,Kansas,Johnson County,Grocery,5996c1e84acb1976937b6bc9,Walmart Grocery Pickup and Delivery,8
2020-04-01,Kansas,Johnson County,Grocery,4b528fc6f964a520578227e3,Walmart Neighborhood Market,9
2020-04-01,Kansas,Johnson County,Grocery,4b006679f964a520c73d22e3,Hy-Vee,10
2020-04-01,Kansas,Johnson County,Grocery,520b6a8611d26720d5f090d1,Walmart Neighborhood Market,11
2020-04-01,Kansas,Johnson County,Grocery,4b5dd85df964a520406f29e3,Hy-Vee,12
2020-04-01,Kansas,Johnson County,Grocery,523a22c411d20645110da594,Walmart Neighborhood Market,13
2020-04-01,Kansas,Johnson County,Grocery,4b2e9c7af964a52088e324e3,Hy-Vee,14
2020-04-01,Kansas,Johnson County,Grocery,4b1c3f79f964a520fa0424e3,Walmart Neighborhood Market,15
2020-04-01,Kansas,Johnson County,Grocery,4adb92f8f964a520182921e3,Hy-Vee,16
2020-04-01,Kansas,Johnson County,Grocery,4aede807f964a52017d021e3,Price Chopper,17
2020-04-01,Kansas,Johnson County,Grocery,4b3bee06f964a520a17e25e3,Price Chopper,18
2020-04-01,Kansas,Johnson County,Grocery,4b392d33f964a520a85725e3,Hen House Market,19
2020-04-01,Kansas,Johnson County,Grocery,4b201fa4f964a520872d24e3,Cosentino's Price Chopper,20
2020-04-01,Kansas,Johnson County,Grocery,540267b7498e5bf523ebc0bc,Sprouts Farmers Market,21
2020-04-01,Kansas,Johnson County,Grocery,4b157564f964a52022ad23e3,Walmart Neighborhood Market,22
2020-04-01,Kansas,Johnson County,Grocery,4b33a304f964a520d81b25e3,Hy-Vee,23
2020-04-01,Kansas,Johnson County,Grocery,5965442759fe5c1ffb85a5ac,Cosentino's Market,24
2020-04-01,Kansas,Johnson County,Grocery,4afc62e8f964a520242222e3,Hy-Vee,25
2020-04-01,Kansas,Johnson County,Grocery,4b09c9e5f964a5209f1d23e3,Price Chopper,26
2020-04-01,Kansas,Johnson County,Grocery,4aee00c0f964a52023d121e3,Price Chopper,27
2020-04-01,Kansas,Johnson County,Grocery,4be4a0a0bcef2d7f58d702e5,ALDI,28
2020-04-01,Kansas,Johnson County,Grocery,4ad955c5f964a520d01921e3,Whole Foods Market,29
2020-04-01,Kansas,Johnson County,Grocery,5823c8a879b372757633f39d,Harp's Foods,30
2020-04-01,Kansas,Johnson County,Grocery,4b2c0a80f964a5203cc024e3,Hen House Market,31
2020-04-01,Kansas,Johnson County,Grocery,4c2680a9db519521d0692c3a,ALDI,32
2020-04-01,Kansas,Johnson County,Grocery,5d00f40ec97f28002c861d2e,Mckeever’s Market & Eatery,33
2020-04-01,Kansas,Johnson County,Grocery,4b31412af964a5204d0325e3,Price Chopper,34
2020-04-01,Kansas,Johnson County,Grocery,4bda01702a3a0f471d48a9b6,ALDI,35
2020-04-01,Kansas,Johnson County,Grocery,4b55fc17f964a52065fa27e3,Price Chopper,36
2020-04-01,Kansas,Labette County,Discount Stores,4e405a1b45dd68e3275ea4d3,Family Dollar,1
2020-04-01,Kansas,Shawnee County,Gas Stations,4b603e5df964a5209fdb29e3,Larry's Shortstop,1
2020-04-01,Kansas,Osage County,Gas Stations,4ced2e3b840a9eb03ec89f13,Casey's General Store,1
2020-04-01,Kansas,Shawnee County,Outdoors & Recreation,4b6a18c9f964a52056c72be3,Lake Shawnee,1
2020-04-01,Kansas,Shawnee County,Outdoors & Recreation,4ba9585ef964a520b0203ae3,Ensley Garden,2
2020-04-01,Kansas,Butler County,Colleges & Universities,4b96ce2df964a520c5e534e3,Butler Community College 5000 Building,1
2020-04-01,Kansas,Ford County,Medical,4e33fef518a8efdb175f1ee7,Dodge City Vet Clinic,1
2020-04-01,Kansas,Franklin County,Grocery,4be19cbc4ed5c9b690d4ccce,Queen's Price Chopper,1
2020-04-01,Kansas,Geary County,Residences,4fd559dae4b078418a6e06b9,Patriot Pointe,1
2020-04-01,Kansas,Miami County,Big Box Stores,4bf89fa44a67c92874cb25cf,Walmart Supercenter,1
2020-04-01,Kansas,Riley County,Big Box Stores,4b54985af964a520b5c127e3,Target,1
2020-04-01,Kansas,Shawnee County,Travel & Transport,4c322ff2a0ced13a63ba146e,Topeka I-70 Service Plaza,1
2020-04-01,Kansas,Shawnee County,Travel & Transport,4bdae21563c5c9b64d4f2568,Amtrak - Topeka Station (TOP),2
2020-04-01,Kansas,Comanche County,Food,4c35db15452620a19257270f,Don's Place & Gift Closet,1
2020-04-01,Kansas,Franklin County,Big Box Stores,4b8f0283f964a520484433e3,Walmart Supercenter,1
2020-04-01,Kansas,Jefferson County,Travel & Transport,4e03dddf52b1ec8986391b79,Casey's General Store,1
2020-04-01,Kansas,Leavenworth County,Food,54529a3e498ed29906177190,Freddy's Frozen Custard,1
2020-04-01,Kansas,Logan County,Nightlife Spots,593e51cdcf72a04ed18e0c23,Buffalo Bill’s Bar & Grill,1
2020-04-01,Kansas,Sumner County,Professional & Other Places,4f132438e4b03802046958c7,American Legion Post 90,1
2020-04-01,Kansas,Sherman County,Big Box Stores,4bfc0fb1a118a59343e66db6,Walmart Supercenter,1
2020-04-01,Kansas,Butler County,Gas Stations,5100765fe4b02b0c9d47b05b,Dillons Fuel Center,1
2020-04-01,Kansas,Butler County,Gas Stations,4cf025187e0da1cdcaa58997,Jump Start,2
2020-04-01,Kansas,Cowley County,Shops & Services,4c13f379b7b9c9288d85aa37,Creekstone Farms,1
2020-04-01,Kansas,Cowley County,Shops & Services,4e623b8fd4c06542aad80bf3,Merle Snider Auto,2
2020-04-01,Kansas,Cowley County,Shops & Services,584077ee84677a070eff028a,SmartStyle,3
2020-04-01,Kansas,Cowley County,Shops & Services,4fae913ae4b0604807f0c0f4,Goodwill,4
2020-04-01,Kansas,Dickinson County,Food,5b8f3889f62e090039d8fed9,Love's Travel Stop,1
2020-04-01,Kansas,Franklin County,Fast Food Restaurants,4b6336a4f964a5200b6b2ae3,Sonic Drive-In,1
2020-04-01,Kansas,Franklin County,Fast Food Restaurants,4bab4854f964a520949d3ae3,McDonald's,2
2020-04-01,Kansas,Johnson County,Drug Store,551c1115498e6d869617fbb3,Walmart Pharmacy,1
2020-04-01,Kansas,Johnson County,Drug Store,5a29a79bcad1b61b1760df18,Price Chopper Pharmacy,2
2020-04-01,Kansas,Johnson County,Drug Store,4dbad18ef7b1446890021f76,Walgreens,3
2020-04-01,Kansas,Johnson County,Drug Store,4bb630892ea19521f345ab2f,CVS pharmacy,4
2020-04-01,Kansas,Johnson County,Drug Store,5adcdaaa1f74407d11d6a8ff,CVS pharmacy,5
2020-04-01,Kansas,Sedgwick County,Hotel,58c758ab3e88355bb4fe65e8,Aloft Wichita Northeast,1
2020-04-01,Kansas,Butler County,Convenience Store,4b86dd1df964a52080a231e3,QuikTrip,1
2020-04-01,Kansas,Butler County,Convenience Store,5c2cd20431ac6c002ca6d8e0,Casey's General Store,2
2020-04-01,Kansas,Crawford County,Medical,4e0e927b52b1b27c1b88e32d,Elm Acres Family Service Center,1
2020-04-01,Kansas,Sedgwick County,Hardware Stores,4bc88f3792b376b0a39f513a,Lowe's,1
2020-04-01,Kansas,Sedgwick County,Hardware Stores,4b6f3acef964a520b1e52ce3,Lowe's,2
2020-04-01,Kansas,Sedgwick County,Hardware Stores,4da60bb30437d0a79344aab8,Menard's,3
2020-04-01,Kansas,Sedgwick County,Hardware Stores,4b4e75faf964a52091ee26e3,The Home Depot,4
2020-04-01,Kansas,Sedgwick County,Hardware Stores,4d5c5dd21ef2f04db910f4cd,Menards,5
2020-04-01,Kansas,Sedgwick County,Hardware Stores,4ced73dc94b99eb0f09b1f56,Lowe's,6
2020-04-01,Kansas,Sedgwick County,Hardware Stores,4be593fe910020a1fc20d314,The Home Depot,7
2020-04-01,Kansas,Sedgwick County,Hardware Stores,4b6dced3f964a520c6912ce3,Lowe's,8
2020-04-01,Kansas,Sedgwick County,Hardware Stores,4c910ea71adc3704bee52cd1,Harbor Freight Tools,9
2020-04-01,Kansas,Sedgwick County,Hardware Stores,4c0ff01ab93cc9b62ef455e0,Tractor Supply Co.,10
2020-04-01,Kansas,Sedgwick County,Hardware Stores,4bcce550511f95212de0b3c7,Sutherlands,11
2020-04-01,Kansas,Sedgwick County,Hardware Stores,4c363cc393db0f4761ba1d92,Atwoods,12
2020-04-01,Kansas,Sedgwick County,Hardware Stores,5cf2d2853e6741002caaf3ae,Harbor Frieght,13
2020-04-01,Kansas,Ford County,Discount Stores,4c211f973389c9b6234b4ffb,Dollar General,1
2020-04-01,Kansas,Allen County,Food,5253bb84498ebe41c0477c9f,Sam & Louie's Italian Restaurant NY Pizza,1
2020-04-01,Kansas,Douglas County,Gas Stations,50378922e4b05af8cbcf16ad,Hy-Vee Gas,1
2020-04-01,Kansas,Rice County,Food,5a2841a28c35dc10a2a74426,Brew 56   Coffee and Tap House,1
2020-04-01,Kansas,Rice County,Food,4c5ffba63a3703bb6512e406,Pizza Hut,2
2020-04-01,Kansas,Woodson County,Food,4ced2ec8840a9eb010d89f13,Casey's General Store,1
2020-04-01,Kansas,Harvey County,School,4b6c5b05f964a52029332ce3,Halstead High School,1
2020-04-01,Kansas,Marshall County,Gas Stations,4bf560fb98ac0f478b0765a8,Route 77 Corner Store,1
2020-04-01,Kansas,Montgomery County,Convenience Store,4ced2e74840a9eb09fce9f13,Casey's General Store,1
2020-04-01,Kansas,Wichita County,Convenience Store,4dea478722713dd9738e5991,K Store,1
2020-04-01,Kansas,Wyandotte County,Government,4e3fd098c65b4ec276006ed7,Kansas City Kansas Board Of Public Utilities,1
2020-04-01,Kansas,Woodson County,Gas Stations,4e0e077362e1d5a30cfcff2d,Jump Start Phillips 66,1
2020-04-01,Kansas,Bourbon County,Outdoors & Recreation,4cfc590eee9cb60c500795ad,Lake Fort Scott,1
2020-04-01,Kansas,Finney County,Fast Food Restaurants,4bfec3c6369476b035d28c1f,Wendy’s,1
2020-04-01,Kansas,Finney County,Fast Food Restaurants,4d7a7e84cbaf5481897cde24,McDonald's,2
2020-04-01,Kansas,Montgomery County,Fast Food Restaurants,4c8128fc6cc2b7131c47179b,McDonald's,1
2020-04-01,Kansas,Montgomery County,Fast Food Restaurants,4c545b89479fc92881e20293,SONIC Drive In,2
2020-04-01,Kansas,Montgomery County,Fast Food Restaurants,4d5ad427916dbfc9426160b9,Arby's,3
2020-04-01,Kansas,Republic County,Grocery,50119da2e4b001b33813edcc,FOODMART,1
2020-04-01,Kansas,Ellis County,Hardware Stores,4b8ec2a3f964a520833533e3,The Home Depot,1
2020-04-01,Kansas,Miami County,Travel & Transport,4e0fd2191838f62321d3bb19,Hillsdale Tavern,1
2020-04-01,Kansas,Reno County,Arts & Entertainment,4b527073f964a520647d27e3,Hutchinson Art Center,1
2020-04-01,Kansas,Reno County,Big Box Stores,4b620544f964a520f0302ae3,Walmart Supercenter,1
2020-04-01,Kansas,Geary County,Big Box Stores,4b522713f964a520d36b27e3,Walmart Supercenter,1
2020-04-01,Kansas,Cowley County,Outdoors & Recreation,4bd60235637ba593a074f770,Island Park,1
2020-04-01,Kansas,Finney County,Hardware Stores,4bc7b2e814d79521fff567e9,The Home Depot,1
2020-04-01,Kansas,Sumner County,Convenience Store,5a57da861108ba5892829a6b,Casey's General Store,1
2020-04-01,Kansas,Cherokee County,Fast Food Restaurants,4ce4104bbebd3704fad2a3a0,SONIC Drive In,1
2020-04-01,Kansas,Cherokee County,Fast Food Restaurants,4dbc394d0cb691071c9d24f8,SONIC Drive In,2
2020-04-01,Kansas,Saline County,Sports,4bf9429e8d30d13aeae20118,Salina Municipal Golf Course,1
2020-04-01,Kansas,Neosho County,Shops & Services,58a784568ae363643fd279de,Docs Place,1
2020-04-01,Kansas,Reno County,Hotel,55384d2f498e2e14d5e66a96,Holiday Inn Express Hutchinson,1
2020-04-01,Kansas,Grant County,Gas Stations,5c8bb0b3acb37f002c74bd47,Brown Dupree,1
2020-04-01,Kansas,Neosho County,Hotel,4bc455bbdce4eee1a319729d,Super 8,1
2020-04-01,Kansas,Ottawa County,Office,4f26ed3de4b0d609c9006c37,G. L. Huyett,1
2020-04-01,Kansas,Thomas County,Big Box Stores,4bfbf660d931c9289570838b,Walmart Supercenter,1
2020-04-01,Kansas,Cloud County,Big Box Stores,4bfd613af7c82d7f2a198e04,Walmart Supercenter,1
2020-04-01,Kansas,Gray County,Discount Stores,4dd57d8fbd41965192d10867,Dollar General,1
2020-04-01,Kansas,Johnson County,Fast Food Restaurants,4aecefd6f964a5204dcc21e3,Chick-fil-A,1
2020-04-01,Kansas,Johnson County,Fast Food Restaurants,4b202ef5f964a5205e2e24e3,Sonic Drive-In,2
2020-04-01,Kansas,Johnson County,Fast Food Restaurants,4ae092bff964a5207d8021e3,Chick-fil-A,3
2020-04-01,Kansas,Johnson County,Fast Food Restaurants,566330b0498e2afbdc4b2593,McDonald's,4
2020-04-01,Kansas,Johnson County,Fast Food Restaurants,4ad7bdcaf964a5204e0e21e3,Sonic Drive-In,5
2020-04-01,Kansas,Johnson County,Fast Food Restaurants,4bae33c6f964a52094913be3,McDonald's,6
2020-04-01,Kansas,Johnson County,Fast Food Restaurants,4b082f8df964a520c20523e3,Sonic Drive-In,7
2020-04-01,Kansas,Johnson County,Fast Food Restaurants,4b22bdb2f964a520b74c24e3,McDonald's,8
2020-04-01,Kansas,Johnson County,Fast Food Restaurants,4ffed885e4b0a06b8837c260,Chick-fil-A,9
2020-04-01,Kansas,Johnson County,Fast Food Restaurants,4c6968622af99c74540c963e,SONIC Drive In,10
2020-04-01,Kansas,Johnson County,Fast Food Restaurants,59f92583135b3914d2e81d6f,Dairy Queen Grill & Chill,11
2020-04-01,Kansas,Dickinson County,Grocery,4e8f639d7ee60278a56c31f5,Zey's Market,1
2020-04-01,Kansas,Dickinson County,Grocery,4fa90d93e4b0144c6d4e1b24,Barnes Heartland Foods,2
2020-04-01,Kansas,Ford County,Food,5397ba07498e028ac95cbc95,Love's Travel Stop,1
2020-04-01,Kansas,Johnson County,Office,4bc6347d04e8b713029f352d,jcpenney Logistics Center,1
2020-04-01,Kansas,Miami County,Outdoors & Recreation,4c695f8c2af99c74cd3a953e,Park Square,1
2020-04-01,Kansas,Allen County,Grocery,4c0714bd92a4ef3b6b2cb0f1,Walmart Supercenter,1
2020-04-01,Kansas,Barton County,Big Box Stores,4bbbab94afe1b7137e802f4b,Walmart Supercenter,1
2020-04-01,Kansas,Labette County,Gas Stations,4bf58c364d5f20a119a197fe,Stockyard Travel Plaza,1
2020-04-01,Kansas,Labette County,Gas Stations,4c55c6b51b46c9b66e55cfd0,Phillips 66,2
2020-04-01,Kansas,McPherson County,Office,56b8de04498ecb17d71009fb,Pfizer,1
2020-04-01,Kansas,Butler County,Hardware Stores,4e0a4dfd1838af6c4bc5660f,Orscheln Farm & Home,1
2020-04-01,Kansas,Harvey County,Convenience Store,4e769b367d8b9176039672fe,Kwik Shop,1
2020-04-01,Kansas,Shawnee County,School,4f50e03ee4b049c0d7be164a,Quincy Elementary School,1
2020-04-01,Kansas,Shawnee County,School,4f47fe8de4b0e44505507a5b,ross elementary,2
2020-04-01,Kansas,Wyandotte County,Grocery,54104ff2498e943aa9fc51b6,Walmart Neighborhood Market,1
2020-04-01,Kansas,Wyandotte County,Grocery,4b6e04f4f964a520e2a32ce3,Price Chopper,2
2020-04-01,Kansas,Wyandotte County,Grocery,4ba50f73f964a5204ad738e3,Chas Ball Sun Fresh,3
2020-04-01,Kansas,Wyandotte County,Grocery,4e66935fb61c8c32ede6bd78,Sun Fresh Market,4
2020-04-01,Kansas,Wyandotte County,Grocery,5323612811d2d9c099646384,Save A Lot,5
2020-04-01,Kansas,Wyandotte County,Grocery,4b68b114f964a5206a872be3,Hen House Market,6
2020-04-01,Kansas,Riley County,School,4eef8bd3775b3c580fdb9629,Northview Elementary,1
2020-04-01,Kansas,Ford County,Grocery,4c2e82bf452620a14a051c0f,Dillons,1
2020-04-01,Kansas,Allen County,Gas Stations,4f4425ffe4b03c8ff758506a,Pete's,1
2020-04-01,Kansas,Allen County,Gas Stations,4c430f123735be9a8ed81aa4,Phillips 66,2
2020-04-01,Kansas,Gray County,Gas Stations,4c79658ebd346dcbfd4bf5ef,Presto,1
2020-04-01,Kansas,Saline County,Food,4ced308d840a9eb02407a013,Casey's General Store,1
2020-04-01,Kansas,Saline County,Food,566cb279498eb590c8ffa0b6,Popeyes Louisiana Kitchen,2
2020-04-01,Kansas,Saline County,Food,4e4e3422bd4101d0d7a4b16e,Casey's General Store,3
2020-04-01,Kansas,Saline County,Food,4be97e1a9a54a5934e200b11,Casey's General Store,4
2020-04-01,Kansas,Saline County,Food,4bec147eb3352d7fc23057d2,Salina Regional Medical Center,5
2020-04-01,Kansas,Cherokee County,Shops & Services,4ee1045a4690c5cf2e74497a,Nelson's Old Riverton Store,1
2020-04-01,Kansas,Phillips County,Hardware Stores,4d3ee788978476eb3fd857fc,Sawyer Ace Hardware,1
2020-04-01,Kansas,Crawford County,Discount Stores,4e47f997b61c03d0cd2037cb,Dollar General,1
2020-04-01,Kansas,Thomas County,Food,4c43be368c1f20a173913b99,B-Hive,1
2020-04-01,Kansas,Harvey County,Medical,4be99e95b3352d7ff83154d2,Newton Medical Center,1
2020-04-01,Kansas,Sedgwick County,Arts & Entertainment,4cfeda5075d3236a7641e2f7,KPTS-TV,1
2020-04-01,Kansas,Sedgwick County,Arts & Entertainment,4e4553cffa76a07fde4a0214,The Circus,2
2020-04-01,Kansas,Sedgwick County,Travel & Transport,4b63699ef964a520fc772ae3,Kansas Turnpike Toll Plaza,1
2020-04-01,Kansas,Sedgwick County,Travel & Transport,5783b101498eeca5fa1bb527,Sedgwick County Tag Office,2
2020-04-01,Kansas,Sedgwick County,Travel & Transport,4e400f1615207627e17b80e5,Kansas Turnpike Toll Plaza,3
2020-04-01,Kansas,McPherson County,Big Box Stores,4b6b735bf964a520a6092ce3,Walmart Supercenter,1
2020-04-01,Kansas,Barton County,Hardware Stores,517ec662e4b055746deb3ee2,Sutherlands,1
2020-04-01,Kansas,Kingman County,Food,5b96c213e1f228002c7c8863,Love's Travel Stop,1
2020-04-01,Kansas,Kingman County,Food,4ced2fb1840a9eb0fbef9f13,Casey's General Store,2
2020-04-01,Kansas,Pottawatomie County,Events,5a7f029ef62e095309eb7746,Dillons ClickList,1
2020-04-01,Kansas,Sherman County,Travel & Transport,4b9a92cff964a5209fc235e3,Kansas Travel Information Center,1
2020-04-01,Kansas,Butler County,Arts & Entertainment,54a6d2d9498ed89e2bdf8006,Casa De Woolsey Mob,1
2020-04-01,Kansas,Cowley County,Big Box Stores,4c17d34e834e2d7f17f52780,Walmart Supercenter,1
2020-04-01,Kansas,Cowley County,Big Box Stores,4bb5f8c82ea1952198f2aa2f,Walmart Supercenter,2
2020-04-01,Kansas,Douglas County,Medical,4b3bc624f964a520d87a25e3,Lawrence Memorial Hospital,1
2020-04-01,Kansas,Rice County,School,4bf1cc0f3fa220a1b8b91820,Sterling Grade School,1
2020-04-01,Kansas,Saline County,Banks,4d711ac4ad9cb60c7dcd20d3,Central National Bank,1
2020-04-01,Kansas,Linn County,Outdoors & Recreation,4c5d98442815c928243ab567,Linn Valley Lakes,1
2020-04-01,Kansas,Harper County,Food,4c01a95627dcc92890f2e052,Kristy's Kafe,1
2020-04-01,Kansas,Harper County,Food,5622ec8f498ed7b1876964df,Krazy Horse,2
2020-04-01,Kansas,Riley County,Medical,4e246443d4c0d325910aed08,Kansas State University Veterinary Medical Teaching Hospital,1
2020-04-01,Kansas,Linn County,Government,50130839e4b06bc0bd3c3a0f,Linn County Courthouse,1
2020-04-01,Kansas,Geary County,Grocery,4c557f211b46c9b6c68555d0,Dillons,1
2020-04-01,Kansas,Geary County,Grocery,561be00a498e86b31185df7a,Walmart Neighborhood Market,2
2020-04-01,Kansas,Geary County,Grocery,4c4eec3a9efabe9a5ec1e06a,Fort Riley Commissary,3
2020-04-01,Kansas,Marshall County,Food,4be49530bcef2d7ffbc302e5,Little Hap's Bar & Grill,1
2020-04-01,Kansas,Reno County,Professional & Other Places,4d8a15844757721e0739af69,Dillion Cold Storage,1
2020-04-01,Kansas,Reno County,Professional & Other Places,4b5a1b34f964a520a0ad28e3,Hutchinson Public Library,2
2020-04-01,Kansas,Finney County,Big Box Stores,4b22edb3f964a5208c5024e3,Walmart Supercenter,1
2020-04-01,Kansas,McPherson County,Grocery,4ba54939f964a52041f638e3,Dillons,1
2020-04-01,Kansas,Sumner County,Travel & Transport,4d287e48c406721ec2f571b6,Belle Plaine Rest Stop,1
2020-04-01,Kansas,Barton County,Government,4e27363e7d8b5ea7247b81a4,Kansas Bureau of Investigation,1
2020-04-01,Kansas,Butler County,Fast Food Restaurants,4bc5f40c51b376b082b31a6f,SONIC Drive In,1
2020-04-01,Kansas,Butler County,Fast Food Restaurants,4b7be652f964a520cb722fe3,McDonald's,2
2020-04-01,Kansas,Sumner County,Gas Stations,4dc62b9f52b1e8f9f7e7cbce,EZ GO,1
2020-04-01,Kansas,Wyandotte County,Office,4b58e313f964a520fd7028e3,FedEx Freight - KCY,1
2020-04-01,Kansas,Wyandotte County,Office,4b8e1bb4f964a520861833e3,Associated Wholesale Grocers,2
2020-04-01,Kansas,Wyandotte County,Office,4e4c4ce27d8bdc6f33506963,Millard Refrigerated Services,3
2020-04-01,Kansas,Wyandotte County,Office,4e5f6ed8922ec2c0701cec2f,KC Steak,4
2020-04-01,Kansas,Russell County,Fast Food Restaurants,4bdb04183904a593a44a489e,A&W,1
2020-04-01,Kansas,Meade County,Convenience Store,585840806431e554e194dece,Love's,1
2020-04-01,Kansas,Montgomery County,Travel & Transport,4e017142aeb76b6109882a51,On A Bike,1
2020-04-01,Kansas,Rooks County,Gas Stations,504fc26ae4b052774b5062c1,Ruder's,1
2020-04-01,Kansas,Rooks County,Gas Stations,4f10f2d1e4b000502b8ba087,Conaco/J-Mart Food Shop,2
2020-04-01,Kansas,Pratt County,Convenience Store,591216b9a6fe4d28dc874a79,Casey's General Store,1
2020-04-01,Kansas,Pratt County,Fast Food Restaurants,4bce1adfb6c49c741d8f9691,McDonald's,1
2020-04-01,Kansas,Gray County,School,509da479e4b044f763c8eadf,Cimarron High School,1
2020-04-01,Kansas,Cowley County,Medical,4cb8da3086dd95212eb6aae6,William Newton Hospital,1
2020-04-01,Kansas,Johnson County,School,4c69398a897b1b8de694ae17,Brookridge Elementry,1
2020-04-01,Kansas,Leavenworth County,Drug Store,551c1111498e6d869617ab41,Walmart Pharmacy,1
2020-04-01,Kansas,Leavenworth County,Drug Store,4c091b43340720a147268493,Walgreens,2
2020-04-01,Kansas,Marion County,Gas Stations,4be75252cf200f479c94153c,Phillips 66,1
2020-04-01,Kansas,Montgomery County,Grocery,4ef29852f7905f06f06c347c,Country Mart,1
2020-04-01,Kansas,Saline County,Nightlife Spots,4bdd11894ffaa593b1be6ef7,Outlaws,1
2020-04-01,Kansas,Saline County,Nightlife Spots,4f32bfc119836c91c7f64d28,Chuck's Bar,2
2020-04-01,Kansas,Saline County,Nightlife Spots,4da262c39935a09357b9b46f,Bishop St Tavern,3
2020-04-01,Kansas,Seward County,Medical,4c7bb7d5794e224b9b076c28,Southwest Medical Center,1
2020-04-01,Kansas,Crawford County,Grocery,4d582390380ab1f7ef8804f5,Dillons,1
2020-04-01,Kansas,Crawford County,Grocery,56a10027498e1b0228cececf,Walmart Neighborhood Market,2
2020-04-01,Kansas,Crawford County,Grocery,4c1906709990d13adb277c17,Ron's Supermarket,3
2020-04-01,Kansas,Lane County,Convenience Store,4daf04bf1e7207bbeb1c919d,Kwik Shop,1
2020-04-01,Kansas,Seward County,Food,5b96c23f968f31002c2d2176,Love's Travel Stop,1
2020-04-01,Kansas,Seward County,Food,4b4cf426f964a5205ac526e3,Ruffinos Italian Restaurant,2
2020-04-01,Kansas,Seward County,Food,4cc358c238aaa09323630c62,Chuck Wagon Restaurant,3
2020-04-01,Kansas,Linn County,Convenience Store,58b18bf61174207840b413c2,Casey's General Store,1
2020-04-01,Kansas,Reno County,Alcohol,4bdcdf60afe8c9b62c695185,Egberts Liquor,1
2020-04-01,Kansas,Marion County,Food,4e64fc5dd22d509a3ab3a7b7,Town & Country Cafe,1
2020-04-01,Kansas,Pratt County,Gas Stations,4c15411e77cea593d5ebd160,Love's Country Store,1
2020-04-01,Kansas,Butler County,Professional & Other Places,4bd3379041b9ef3b2893ffe5,Benton Community Center,1
2020-04-01,Kansas,Sedgwick County,Discount Stores,599f28acc8772e13fbf3bb67,Family Dollar,1
2020-04-01,Kansas,Thomas County,Grocery,4dab804ffa8cc764974ee17e,Dillons,1
2020-04-01,Kansas,Cowley County,Airport,4d7d89dc534fba7a56a5d8b1,Strother Field,1
2020-04-01,Kansas,Allen County,Convenience Store,4ced2ef3840a9eb063dc9f13,Casey's General Store,1
2020-04-01,Kansas,Barton County,Food,4cefd03613aea143b78b759f,Handlebar & Grill,1
2020-04-01,Kansas,Barton County,Food,4ced2fa9840a9eb035ef9f13,Casey's General Store,2
2020-04-01,Kansas,Jackson County,Fast Food Restaurants,4c23999dc11dc9b659172424,Taco Bell,1
2020-04-01,Kansas,Jackson County,Fast Food Restaurants,4c223c9011de20a1588684ce,SONIC Drive In,2
2020-04-01,Kansas,Osage County,Colleges & Universities,4c878a1047cc224b7ae7b19f,Allen County Community College,1
2020-04-01,Kansas,Shawnee County,Shops & Services,4b5c7fdaf964a520e23229e3,Sam's Club,1
2020-04-01,Kansas,Shawnee County,Shops & Services,4ed4dd25775b45f6edcad1f6,Salisbury Construction & Industrial Supply,2
2020-04-01,Kansas,Shawnee County,Shops & Services,4dd969ee1f6ee146835396b1,ecoATM,3
2020-04-01,Kansas,Shawnee County,Shops & Services,4c2665eea852c928e596e66c,Barnes & Noble,4
2020-04-01,Kansas,Shawnee County,Shops & Services,4b5e2d7af964a520e58129e3,PetSmart,5
2020-04-01,Kansas,Shawnee County,Shops & Services,4b9ad0a7f964a52077d835e3,"Jackson's Greenhouse and Garden Center, Inc.",6
2020-04-01,Kansas,Wilson County,Hardware Stores,4cc31400914137047914b955,Fredonia True Value Hardware,1
2020-04-01,Kansas,Elk County,Food,4c02f35e310fc9b6be42c561,Toots Drive-In,1
2020-04-01,Kansas,Elk County,Food,4e5597441495b62c8a0f003e,Swingin' Bridge Cafe,2
2020-04-01,Kansas,Jefferson County,Grocery,4e62a67762e13e3bcebf37f6,Country Harvest,1
2020-04-01,Kansas,Pottawatomie County,Outdoors & Recreation,5b69f1246bdee6002c10a619,Timbercreek Playground,1
2020-04-01,Kansas,Chautauqua County,Government,4ebd69a949012e72feb372c7,Yellow Brick Road,1
2020-04-01,Kansas,Crawford County,Shops & Services,4d9a80af3a32a09317a57e19,Phillips 66 / Snak Attak,1
2020-04-01,Kansas,Neosho County,Big Box Stores,4de16205d22d2a4ecdac7231,Walmart Supercenter,1
2020-04-01,Kansas,Pottawatomie County,Shops & Services,5c53585b5c6838002ce594bf,Tommy's Express,1
2020-04-01,Kansas,Sedgwick County,Banks,4c2a1569ce3fc92833b56f88,Emprise Bank,1
2020-04-01,Kansas,Sedgwick County,Gas Stations,595868832be425119fdf324a,QuikTrip,1
2020-04-01,Kansas,Sedgwick County,Gas Stations,551df5c0498e1093800fe65a,Quik Trip,2
2020-04-01,Kansas,Sedgwick County,Gas Stations,4d960e4c97d06ea8a3c8f90a,Conoco,3
2020-04-01,Kansas,Sedgwick County,Gas Stations,4c0ea003c6cf76b0ba098151,Phillips 66,4
2020-04-01,Kansas,Sedgwick County,Gas Stations,500efa18e4b0bceb1ad7aa8b,Dillon's Fuel Center,5
2020-04-01,Kansas,Sedgwick County,Gas Stations,563a1d47cd109266c696a4ad,Kwik Shop,6
2020-04-01,Kansas,Sedgwick County,Gas Stations,4d7d32696152b60c52ea9f26,Sams Fuel,7
2020-04-01,Kansas,Sedgwick County,Gas Stations,4c535bdea724e21e4ea09af4,Dillons Fuel Center,8
2020-04-01,Kansas,Sedgwick County,Gas Stations,52a23206498ebc112c35e1fd,pps,9
2020-04-01,Kansas,Sedgwick County,Gas Stations,4f5fa924e4b080c366b3c4a5,Shopette/Class Six,10
2020-04-01,Kansas,Shawnee County,Professional & Other Places,4c80fb5bd92ea0938c473c72,Big Heart Pet Brands,1
2020-04-01,Kansas,Shawnee County,Professional & Other Places,4d4721774e5d370402960994,Hill's Pet Nutrition,2
2020-04-01,Kansas,Shawnee County,Professional & Other Places,4b7755a6f964a520f2922ee3,Frito-Lay,3
2020-04-01,Kansas,Shawnee County,Professional & Other Places,4ea2594c6da1455cac54637c,Drill,4
2020-04-01,Kansas,Wyandotte County,Gas Stations,4baa4982f964a5204d5b3ae3,Fairfax Phillips 66,1
2020-04-01,Kansas,Wyandotte County,Gas Stations,54413465498e96297830a57c,Pilot Travel Center,2
2020-04-01,Kansas,Wyandotte County,Gas Stations,4b9c2d5bf964a520d15136e3,On the Go Travel Center,3
2020-04-01,Kansas,Wyandotte County,Gas Stations,4c3d4c967c1ee21e7cd18d71,Fuel Pad,4
2020-04-01,Kansas,Nemaha County,Nightlife Spots,4c1e3f8501379521425f47f3,Spanky's,1
2020-04-01,Kansas,Johnson County,Food,4f2ae85be4b00359246008ee,Costco Food Court,1
2020-04-01,Kansas,Johnson County,Food,4eda7baf6c2547bc62c77b46,Costco Food Court,2
2020-04-01,Kansas,Johnson County,Food,57641f35498e063d755f7198,Hy-Vee Market Grille Express,3
2020-04-01,Kansas,Johnson County,Food,5353d069498e98da6ded7c85,Hy-Vee Market Grille Express,4
2020-04-01,Kansas,Johnson County,Food,5a33e62bb9ac38198bff8844,Casey's General Store,5
2020-04-01,Kansas,Johnson County,Food,5230112511d296ccb9c820b6,Casey's General Store,6
2020-04-01,Kansas,Johnson County,Food,5617bfd2498efb87fbaeba90,Casey's General Store,7
2020-04-01,Kansas,Johnson County,Food,5992ae071cf2e139ca988a87,Walmart Bakery,8
2020-04-01,Kansas,Johnson County,Food,5901330335811b1afa17dba6,Hong Kong Star,9
2020-04-01,Kansas,Shawnee County,Hardware Stores,4f09f553e4b0e8907c238c8c,Menard's,1
2020-04-01,Kansas,Shawnee County,Hardware Stores,4b4773b2f964a520833226e3,Lowe's,2
2020-04-01,Kansas,Shawnee County,Hardware Stores,4b7b3dbbf964a520005a2fe3,The Home Depot,3
2020-04-01,Kansas,Shawnee County,Hardware Stores,4bf073423a15d13a51943e9f,Ace Hardware,4
2020-04-01,Kansas,Shawnee County,Hardware Stores,4c49b6c720ab1b8dd9672617,Tarwater Farm & Home Supply,5
2020-04-01,Kansas,Butler County,Food,4cc49d4442d1b60c2bc01e13,Casey's General Store,1
2020-04-01,Kansas,Butler County,Food,4b8b1412f964a520cc9132e3,Braum's Ice Cream & Dairy Stores,2
2020-04-01,Kansas,Butler County,Food,4bef6b2fea570f47c4628fd2,True Lies Ranch Hand Cafe & Steakhouse,3
2020-04-01,Kansas,Reno County,Grocery,51f82b61498e85998f128a94,Dillons Marketplace,1
2020-04-01,Kansas,Reno County,Grocery,4bcf0597ef1095215ef18486,Dillons,2
2020-04-01,Kansas,Riley County,Residences,4df7e32718385456c7f31bf5,Colonial Gardens,1
2020-04-01,Kansas,Riley County,Residences,5ceac52ec4df1d002cecba12,The Links,2
2020-04-01,Kansas,Pawnee County,School,4cbf2b1e9ca854812b06b516,Larned High School,1
2020-04-01,Kansas,Wyandotte County,Medical,4b5e2dbcf964a520f78129e3,Providence Medical Center,1
2020-04-01,Kansas,Wyandotte County,Medical,5aac453d98fbfc3acadf5086,University Of Kansas Hospital-Cambridge Tower A,2
2020-04-01,Kansas,Johnson County,Gas Stations,4ba6c124f964a5208a6d39e3,Hy-Vee Gas,1
2020-04-01,Kansas,Johnson County,Gas Stations,5bc763b90868a2002ce1693c,QuikTrip,2
2020-04-01,Kansas,Johnson County,Gas Stations,5983e761e679bc7ea5563f9d,QuikTrip,3
2020-04-01,Kansas,Lyon County,Grocery,4bf96d30b182c9b6b1e6785a,Dillons,1
2020-04-01,Kansas,Lyon County,Grocery,4d31bcda72a8b1f767fc96d0,Price Chopper,2
2020-04-01,Kansas,Pawnee County,Government,4f04c7b6823162ada706eec7,Larned City Hall,1
2020-04-01,Kansas,Sedgwick County,Professional & Other Places,50fab3c9e4b05cb56dc46b92,Electromech Technologies,1
2020-04-01,Kansas,Sedgwick County,Professional & Other Places,5de6991622773f00086b90d1,Blendtech,2
2020-04-01,Kansas,Sedgwick County,Professional & Other Places,53c541ce498e45b1fb36587c,3P Processing,3
2020-04-01,Kansas,Sedgwick County,Professional & Other Places,4c8187dee602b1f731ee937a,UPS,4
2020-04-01,Kansas,Sedgwick County,Professional & Other Places,4da60295f7b192b4866415f3,"Spirit Aerosystems, Inc Building 2-352 E",5
2020-04-01,Kansas,Sedgwick County,Professional & Other Places,4b7f1686f964a520891530e3,US Post Office,6
2020-04-01,Kansas,Sedgwick County,Professional & Other Places,4be4a37fd4f7c9b676752420,US Post Office,7
2020-04-01,Kansas,Sedgwick County,Professional & Other Places,4f6cbc7be4b07fa2c5015df2,"Spirit AeroSystems, Bldg 2-280J (Section 9)",8
2020-04-01,Kansas,Sedgwick County,Professional & Other Places,4f20149de4b03c0ea038f420,Kice Industries Inc.,9
2020-04-01,Kansas,Sedgwick County,Professional & Other Places,4e3436927d8b6946c1f716af,Chisholm Post Office,10
2020-04-01,Kansas,Sedgwick County,Professional & Other Places,5336da15498e5182ca5933ba,McConnell AFB,11
2020-04-01,Kansas,Sedgwick County,Professional & Other Places,4c916ce851d9b1f76eae8046,Oaklawn Community Center,12
2020-04-01,Kansas,Sedgwick County,Professional & Other Places,4c51af87375c0f47c2d56594,Envision,13
2020-04-01,Kansas,Marshall County,Big Box Stores,4babbe02f964a52073c53ae3,Walmart Supercenter,1
2020-04-01,Kansas,Franklin County,Hardware Stores,50905f00e4b06dbf5f72fd21,Home Base,1
2020-04-01,Kansas,Nemaha County,Convenience Store,599b7512acb00b668950e14b,Casey's General Store,1
2020-04-01,Kansas,Wyandotte County,Convenience Store,4b8da3c6f964a520d70533e3,QuikTrip,1
2020-04-01,Kansas,Wyandotte County,Convenience Store,4def6a47d4c0e9e23b7c670b,Speedway Super Store,2
2020-04-01,Kansas,Wyandotte County,Convenience Store,4b884e60f964a520feed31e3,QuikTrip,3
2020-04-01,Kansas,Wyandotte County,Convenience Store,4b64ca4cf964a52057d02ae3,QuikTrip,4
2020-04-01,Kansas,Wyandotte County,Convenience Store,5117ce1ee4b01c59493fe9d0,7-Eleven,5
2020-04-01,Kansas,Anderson County,Gas Stations,50c37aeee4b04a2d9cd0dd8f,Short Stop,1
2020-04-01,Kansas,Leavenworth County,Shops & Services,4eb85563b634a048616149b8,Walmart Auto Care Centers,1
2020-04-01,Kansas,Leavenworth County,Shops & Services,4dca1130fa7684db08f941db,Olympic Car Wash,2
2020-04-01,Kansas,Phillips County,Colleges & Universities,54f8e45c498ed7ceaee12e11,Phillipsburg High School,1
2020-04-01,Kansas,Barton County,Office,51c85d768bbdde9075a4a019,Redbarn Pet Products,1
2020-04-01,Kansas,Franklin County,Food,4e2746462271752a4589026b,Love's Travel Stop,1
2020-04-01,Kansas,Franklin County,Food,4ced304a840a9eb095ff9f13,Casey's General Store,2
2020-04-01,Kansas,Franklin County,Food,58b5c44dfd27165e0300a4fb,Starbucks In Price Chopper,3
2020-04-01,Kansas,Franklin County,Food,4bd9f44bc79cc92864ca7ce9,Casey's General Store,4
2020-04-01,Kansas,Lyon County,Colleges & Universities,4c2230f0502b95212aef6d21,Emporia State University,1
2020-04-01,Kansas,Pottawatomie County,Travel & Transport,4e454d81483b03d090d01725,Dara's,1
2020-04-01,Kansas,Sedgwick County,Nightlife Spots,58fae599a9fe1259486a76a9,Uncle Sam's,1
2020-04-01,Kansas,Sedgwick County,Nightlife Spots,4b9c77acf964a520c26a36e3,Pleasures,2
2020-04-01,Kansas,Sedgwick County,Nightlife Spots,4c1e2340b9f876b0ea977e46,Hank Is Wiser Brewery,3
2020-04-01,Kansas,Ford County,Professional & Other Places,5346c88c498ed612110ce451,"National Beef Plant Dodge City, Kansas",1
2020-04-01,Kansas,Ford County,Professional & Other Places,4d4e2fe48af6721e45fc0d88,Cargill Meat,2
2020-04-01,Kansas,Leavenworth County,Gas Stations,4ced3083840a9eb0f905a013,Casey's General Store,1
2020-04-01,Kansas,Leavenworth County,Gas Stations,4c0bf59f009a0f473ee4ebbf,EZ GO,2
2020-04-01,Kansas,Leavenworth County,Gas Stations,4ef1ec9f02d5677fe395ee2b,Shell,3
2020-04-01,Kansas,Neosho County,Food,59b025dd89e490561131d3c3,Love's Travel Stop,1
2020-04-01,Kansas,Neosho County,Food,4c5ffa6f3a3703bb6510e406,Pizza Hut,2
2020-04-01,Kansas,Douglas County,Professional & Other Places,583c98581b36d4404a1f81b6,Venture Park,1
2020-04-01,Kansas,Douglas County,Professional & Other Places,4b57b9f7f964a520033e28e3,Berry Plastics,2
2020-04-01,Kansas,Finney County,Professional & Other Places,4bf6891fbfeac9281a779436,IBP / Tyson,1
2020-04-01,Kansas,Stevens County,Gas Stations,5cbdf6f5475abd0039cd794f,Casey's General Store,1
2020-04-01,Kansas,Finney County,Grocery,4b22ddd4f964a5201a4f24e3,Dillons,1
2020-04-01,Kansas,Finney County,Grocery,564f8067498ee3d910134704,Walmart Neighborhood Market,2
2020-04-01,Kansas,Riley County,Hardware Stores,4b4baffdf964a5201ba426e3,The Home Depot,1
2020-04-01,Kansas,Riley County,Food,4d93d268d07eb1f7112101bc,Gambino's Pizza,1
2020-04-01,Kansas,Sedgwick County,Drug Store,591c5c6f0531e81f1fee13f2,Dillons Pharmacy,1
2020-04-01,Kansas,Sedgwick County,Drug Store,4ecc46d7b8f7cc0320ec2779,Dillons Pharmacy,2
2020-04-01,Kansas,Sedgwick County,Drug Store,4bf4213de5eba59397491f90,Walgreens,3
2020-04-01,Kansas,Sedgwick County,Drug Store,4c1e892ffcf8c9b6ec6dad0b,Walgreens,4
2020-04-01,Kansas,Sedgwick County,Drug Store,4c474b5289a6c9b66abc9988,Walgreens,5
2020-04-01,Kansas,Sedgwick County,Drug Store,4b5e358af964a520d88329e3,Walgreens,6
2020-04-01,Kansas,Sedgwick County,Drug Store,4b5a671af964a520dec228e3,Walgreens,7
2020-04-01,Kansas,Finney County,Medical,4c2b91be2219c928aecfa448,St. Catherine Hospital,1
2020-04-01,Kansas,Wyandotte County,Outdoors & Recreation,50e4aa2de4b047678a8f001d,Fairfax District,1
2020-04-01,Kansas,Wyandotte County,Outdoors & Recreation,4f91f7e9e4b0935b82d24c0a,Mountain Monarchs Statue,2
2020-04-01,Kansas,Wyandotte County,Outdoors & Recreation,4e1a3a78ae6092c2766373c3,Wyandotte County Lake,3
2020-04-01,Kansas,Wyandotte County,Outdoors & Recreation,4c1d6b37b9f876b077a67d46,Kaw Point Park,4
2020-04-01,Kansas,Chase County,Fast Food Restaurants,4c07dd26221620a1d876f775,Matfield Green Service Area - Kansas Turnpike,1
2020-04-01,Kansas,Douglas County,Fast Food Restaurants,4b76df73f964a520f8652ee3,SONIC Drive-In,1
2020-04-01,Kansas,Douglas County,Fast Food Restaurants,4b259219f964a520037424e3,McDonald's,2
2020-04-01,Kansas,Douglas County,Fast Food Restaurants,56018b56498e6f2bed3e1505,Chick-fil-A,3
2020-04-01,Kansas,Ellis County,Sports,4e1525f18877cd57120be8bd,Smoky Hills CC Clubhouse,1
2020-04-01,Kansas,Geary County,Gas Stations,4b589f5af964a520e46128e3,A&W,1
2020-04-01,Kansas,Geary County,Gas Stations,4d8928f8b799a35d8a959063,Shell,2
2020-04-01,Kansas,Meade County,Gas Stations,4de397f3d4c070440586c3a0,EZ Stop,1
2020-04-01,Kansas,Seward County,Professional & Other Places,4b7f35d3f964a5205c1f30e3,"National Beef Packing Co, LLC",1
2020-04-01,Kansas,Shawnee County,Grocery,5aa6e7bfb546186f4ad19cb6,Walmart Grocery Pickup and Delivery,1
2020-04-01,Kansas,Shawnee County,Grocery,4b76ee04f964a5209b6b2ee3,Dillons,2
2020-04-01,Kansas,Shawnee County,Grocery,4b64c509f964a520cace2ae3,Dillons,3
2020-04-01,Kansas,Shawnee County,Grocery,4b64d8bff964a5209fd42ae3,Dillons,4
2020-04-01,Kansas,Shawnee County,Grocery,54c91412498ecf52645f0fff,Walmart Neighborhood Market,5
2020-04-01,Kansas,Shawnee County,Grocery,4b3fcd84f964a5202caf25e3,Hy-Vee,6
2020-04-01,Kansas,Shawnee County,Grocery,4e09315cd1640223a4a7a5bd,Dillons,7
2020-04-01,Kansas,Shawnee County,Grocery,4b61a706f964a520c71b2ae3,Dillons,8
2020-04-01,Kansas,Shawnee County,Grocery,4b5f8c43f964a520dcc029e3,Dillons,9
2020-04-01,Kansas,Wyandotte County,Arts & Entertainment,55216509498e16bdb42396f5,The Lewis and Clark,1
2020-04-01,Kansas,Wyandotte County,Big Box Stores,4b391095f964a5205f5525e3,Walmart Supercenter,1
2020-04-01,Kansas,Wyandotte County,Big Box Stores,4b82eeb0f964a520faed30e3,Walmart Supercenter,2
2020-04-01,Kansas,Wyandotte County,Big Box Stores,4af96b51f964a520b41122e3,Target,3
2020-04-01,Kansas,Douglas County,Hardware Stores,5626c908498efcb9d458d451,Menard's,1
2020-04-01,Kansas,Douglas County,Hardware Stores,4b0c9c4bf964a520224023e3,The Home Depot,2
2020-04-01,Kansas,Montgomery County,Big Box Stores,4ca4ab0cd7c33704c94dab62,Walmart Supercenter,1
2020-04-01,Kansas,Montgomery County,Big Box Stores,4b770481f964a520e4742ee3,Walmart Supercenter,2
2020-04-01,Kansas,Saline County,Colleges & Universities,4e0ae3daae60e479ad9b31f9,Kansas Wesleyan University,1
2020-04-01,Kansas,Sedgwick County,Shops & Services,4b5b5f8bf964a520b5f828e3,Sam's Club,1
2020-04-01,Kansas,Sedgwick County,Shops & Services,4c7abb5381bca093c6650115,Costco,2
2020-04-01,Kansas,Sedgwick County,Shops & Services,53ea7c1f498eeae617fd7daf,Sam's Club,3
2020-04-01,Kansas,Sedgwick County,Shops & Services,4bc0703d2a89ef3bde7df088,Sam's Club,4
2020-04-01,Kansas,Sedgwick County,Shops & Services,5b75ba03f193c0003929208a,Chick-fil-A,5
2020-04-01,Kansas,Sedgwick County,Shops & Services,5ba651458b98fd002c7534eb,Metro by T-Mobile,6
2020-04-01,Kansas,Sedgwick County,Shops & Services,506da1d6e4b0235016ae410b,Academy Sports + Outdoors,7
2020-04-01,Kansas,Sedgwick County,Shops & Services,4bbb7364e6e7b7136412f879,A-OK Pawn,8
2020-04-01,Kansas,Sedgwick County,Shops & Services,4d94741ae923721e96076cfe,Bear Tire Inc,9
2020-04-01,Kansas,Sedgwick County,Shops & Services,4bb74789941ad13af77020e3,Leeker's,10
2020-04-01,Kansas,Sedgwick County,Shops & Services,5bd9fd45588e36002c76e152,Auction Ict,11
2020-04-01,Kansas,Sedgwick County,Shops & Services,520a3e3b11d27566ffae89a3,Wichita Truck & Tank Wash,12
2020-04-01,Kansas,Sedgwick County,Shops & Services,4b748bcaf964a52025e32de3,Bradley Fair,13
2020-04-01,Kansas,Sedgwick County,Shops & Services,4b7c4a2ef964a520068a2fe3,Johnson's Garden Center,14
2020-04-01,Kansas,Sedgwick County,Shops & Services,4e0ba041aeb784b164d1673e,Dollar General,15
2020-04-01,Kansas,Sedgwick County,Shops & Services,4c894d051052370406bcc7f1,Spectrum Promotional Products Inc.,16
2020-04-01,Kansas,Sedgwick County,Shops & Services,4c596ff7b05c1b8d48b0d5b1,Discount Auto Glass And Tire,17
2020-04-01,Kansas,Sedgwick County,Shops & Services,4c644ca2d646be9af89c09fd,Jabaras,18
2020-04-01,Kansas,Sedgwick County,Shops & Services,4ee3c625b8f790fe3f25a362,Windy Knoll Tree Farm,19
2020-04-01,Kansas,Sedgwick County,Shops & Services,4bfda6a7e529c928c13fbb8c,FedEx Ship Center,20
2020-04-01,Kansas,Sedgwick County,Shops & Services,4bd0bb34caff9521516dcff0,Credit Union of America,21
2020-04-01,Kansas,Shawnee County,Discount Stores,4c1e1da4624b9c74550e1304,Dollar General,1
2020-04-01,Kansas,Grant County,School,4f96f062e4b0e1b635a378d2,Ulysses High School,1
2020-04-01,Kansas,Greenwood County,Grocery,4dd952d945ddced820b50e32,G&W Foods,1
2020-04-01,Kansas,Coffey County,Food,4b89e2f3f964a520f45332e3,BETO Junction - TravelCenters of America,1
2020-04-01,Kansas,Coffey County,Food,4ba26b10f964a5200df737e3,Subway/BP Combo,2
2020-04-01,Kansas,Douglas County,Big Box Stores,4b0d7dcaf964a520884923e3,Walmart Supercenter,1
2020-04-01,Kansas,Douglas County,Big Box Stores,4b0d7e0cf964a5208b4923e3,Walmart Supercenter,2
2020-04-01,Kansas,Douglas County,Big Box Stores,4b0ad08cf964a520472823e3,Target,3
2020-04-01,Kansas,McPherson County,Gas Stations,4f6bfc6de4b0e3b3bb8f785b,Cap's 66,1
2020-04-01,Kansas,Cloud County,Convenience Store,4b50bff9f964a520bc3027e3,Short Stop,1
2020-04-01,Kansas,Johnson County,Outdoors & Recreation,4ae3bcdff964a520919821e3,Shawnee Mission Park,1
2020-04-01,Kansas,Johnson County,Outdoors & Recreation,4b48e454f964a520135c26e3,Antioch Park,2
2020-04-01,Kansas,Johnson County,Outdoors & Recreation,4ea1a815b8f7e4911e48047f,the :-),3
2020-04-01,Kansas,Johnson County,Outdoors & Recreation,4bdda1ddec07c92857cae7e4,Little Mill Creek Park North,4
2020-04-01,Kansas,Johnson County,Outdoors & Recreation,4be57bd62468c928020d0043,Franklin Park,5
2020-04-01,Kansas,Johnson County,Outdoors & Recreation,4bcb6062b6c49c7457149291,Sar-Ko-Par Park,6
2020-04-01,Kansas,Johnson County,Outdoors & Recreation,4c72e4d44bc4236aeb81cc7a,Mohawk Park,7
2020-04-01,Kansas,Johnson County,Outdoors & Recreation,4c26af08c11dc9b63b7c2924,Olathe Lake,8
2020-04-01,Kansas,Johnson County,Outdoors & Recreation,575e1588498e4764c1b97234,Woodland Manor Pool,9
2020-04-01,Kansas,Labette County,Airport,4c903a9d160ea093af3ad5fc,"ODFL--PAR--Terminal, Parsons,KS.",1
2020-04-01,Kansas,Morris County,Hardware Stores,4f9462a0e4b07b0226e8f016,Adams Homestore,1
2020-04-01,Kansas,Sedgwick County,Outdoors & Recreation,5000ce42e4b01f40cda46ebd,Arkansas River,1
2020-04-01,Kansas,Sedgwick County,Outdoors & Recreation,5a63744aad1789169e268a4a,South Central Wichita,2
2020-04-01,Kansas,Sedgwick County,Outdoors & Recreation,4bb792403db7b7135b2e209a,Harrison Park,3
2020-04-01,Kansas,Sedgwick County,Outdoors & Recreation,4b92d9b5f964a520722134e3,Sedgwick County Park,4
2020-04-01,Kansas,Sedgwick County,Outdoors & Recreation,4d8f9b65d4ec8cfa680c9089,Atwoods,5
2020-04-01,Kansas,Sedgwick County,Outdoors & Recreation,4c82d1fe74d7b60ceb7d84d8,Crystal Lake,6
2020-04-01,Kansas,Sedgwick County,Outdoors & Recreation,51672ae2e4b0f78880bacc31,Emerald Bay Lake,7
2020-04-01,Kansas,Sedgwick County,Outdoors & Recreation,4f9dd4f1e4b0ad3856e6aa19,Kechi Park,8
2020-04-01,Kansas,Sedgwick County,Outdoors & Recreation,4c2663313703d13a304fa536,Bel Aire Park,9
2020-04-01,Kansas,Sedgwick County,Outdoors & Recreation,4bf7f6385ec320a1dec987d3,High Park,10
2020-04-01,Kansas,Riley County,Convenience Store,4ec4fbcff790c16e522b928f,Exchange Xpress,1
2020-04-01,Kansas,Wyandotte County,Professional & Other Places,586538138d8e995f73635294,Amazon Distribution,1
2020-04-01,Kansas,Wyandotte County,Professional & Other Places,4e35ccb56284ea7e11048430,Prescott Plaza,2
2020-04-01,Kansas,Wyandotte County,Professional & Other Places,4b749550f964a520afe52de3,UPS Distribution Center,3
2020-04-01,Kansas,Wyandotte County,Professional & Other Places,4ca2282c2fb1a143a72a0b41,BMC - Bulk Mail Center,4
2020-04-01,Kansas,Wyandotte County,Travel & Transport,4f3784b4e4b099ca948097e1,Old Dominion Freight Line KCY,1
2020-04-01,Kansas,Reno County,Hardware Stores,4bccf543fb84c9b6b568213e,Lowe's,1
2020-04-01,Kansas,Neosho County,Convenience Store,4ced2ebe840a9eb0f5d69f13,Casey's General Store,1
2020-04-01,Kansas,Wallace County,Alcohol,5327a38811d2ad54eeddc169,The Thirsty Store,1
2020-04-01,Kansas,Crawford County,Gas Stations,4da0910c31a6b60cfc297618,Phillips 66/Mighty Mart,1
2020-04-01,Kansas,Gove County,Gas Stations,4cafaf0deb65b1f75acf65cd,TravelCenters of America,1
2020-04-01,Kansas,Wyandotte County,Sports,564125cb498e5e877d2a6f7b,Soccer Nation,1
2020-04-01,Kansas,Pottawatomie County,Colleges & Universities,4ba50416f964a520cdd038e3,St. Mary's Academy & College,1
2020-04-01,Kansas,Sedgwick County,Food,4ccf038897d0224b150a6fb8,Subway,1
2020-04-01,Kansas,Sedgwick County,Food,4b8963cff964a5208f3132e3,Taco Shop,2
2020-04-01,Kansas,Sedgwick County,Food,4ff75746e4b025109a422f2c,Cancun Mexican Grill,3
2020-04-01,Kansas,Sedgwick County,Food,4c6dce5806ed6dcbc31ba522,Casey's General Store,4
2020-04-01,Kansas,Sedgwick County,Food,4bc9e0ecb6c49c749b248f91,Grinder Man,5
2020-04-01,Kansas,Sedgwick County,Food,4c2592b3c11dc9b6c9922724,Popeyes Louisiana Kitchen,6
2020-04-01,Kansas,Sedgwick County,Food,4bb9512098c7ef3b17073202,Starbucks,7
2020-04-01,Kansas,Sedgwick County,Food,4cb492ef39458cfaf4e721a0,Subway,8
2020-04-01,Kansas,Sedgwick County,Food,55e88897498e39302b232b55,Taqueria EL Fogon,9
2020-04-01,Kansas,Sedgwick County,Food,4c0b218bffb8c9b6aee66c61,The Keg Sportsbar & Grill,10
2020-04-01,Kansas,Sedgwick County,Food,4d2a14d2342d6dcba64209cb,Bionic Burger,11
2020-04-01,Kansas,Sedgwick County,Food,4ded127eb0fb9e4648643e54,Saigon Bistro,12
2020-04-01,Kansas,Sedgwick County,Food,4bbf5d0d85fbb713650a7267,Carlos O'Kelly's,13
2020-04-01,Kansas,Sedgwick County,Food,5ac8fc7a2c7eb9556668760c,Chick N Max,14
2020-04-01,Kansas,Sedgwick County,Food,4bb764bbf562ef3b50543197,Chipotle Mexican Grill,15
2020-04-01,Kansas,Sedgwick County,Food,4b4a41f0f964a520228126e3,Starbucks,16
2020-04-01,Kansas,Sedgwick County,Food,4e922136b8f7cece22b70716,Little Caesars Pizza,17
2020-04-01,Kansas,Sedgwick County,Food,4b36b62ff964a520223b25e3,Braum's Ice Cream & Dairy Stores,18
2020-04-01,Kansas,Sedgwick County,Food,4baaa3ebf964a520f47b3ae3,Taco Shop,19
2020-04-01,Kansas,Sedgwick County,Food,5286906a498e3289da677346,Starbucks,20
2020-04-01,Kansas,Sedgwick County,Food,4b50b565f964a520a02e27e3,Pig In Pig Out,21
2020-04-01,Kansas,Sedgwick County,Food,4bf07d0c3a15d13aa9a23e9f,Savute's Italian Ristorante,22
2020-04-01,Kansas,Sedgwick County,Food,567d9057498e9310656355b5,Thao's Bistro,23
2020-04-01,Kansas,Sedgwick County,Food,4c6819d8e1da1b8d4f339fc3,KFC,24
2020-04-01,Kansas,Sumner County,Big Box Stores,4c002b17f61ea5931a71eb13,Walmart Supercenter,1
2020-04-01,Kansas,Johnson County,Hardware Stores,4b3e3a6af964a520cb9925e3,The Home Depot,1
2020-04-01,Kansas,Johnson County,Hardware Stores,4ada0526f964a5205a1d21e3,The Home Depot,2
2020-04-01,Kansas,Johnson County,Hardware Stores,4ae49e98f964a520689c21e3,The Home Depot,3
2020-04-01,Kansas,Johnson County,Hardware Stores,4ae65f12f964a520bba621e3,Lowe's,4
2020-04-01,Kansas,Johnson County,Hardware Stores,4bbe16bc4e069c74d2969fe3,The Home Depot,5
2020-04-01,Kansas,Johnson County,Hardware Stores,4c5f0f6c7f661b8d18c34f1c,The Home Depot,6
2020-04-01,Kansas,Johnson County,Hardware Stores,4b254cdbf964a520976f24e3,The Home Depot,7
2020-04-01,Kansas,Johnson County,Hardware Stores,5af0bca84940bc002c80130c,Lowe's,8
2020-04-01,Kansas,Johnson County,Hardware Stores,4afb2d0bf964a520ca1b22e3,Lowe's,9
2020-04-01,Kansas,Johnson County,Hardware Stores,4ad9f626f964a5206c1c21e3,Lowe's,10
2020-04-01,Kansas,Saline County,Arts & Entertainment,4c38d3501a38ef3b4abc9221,Smoky Hill Museum,1
2020-04-01,Kansas,Seward County,Grocery,4c16900896040f47df0973a5,Dillons,1
2020-04-01,Kansas,Montgomery County,Medical,4de6d0a1b0fb9a99f6f3d9c1,Coffeyville Hospital,1
2020-04-01,Kansas,Clay County,Arts & Entertainment,4e6d0ca2c65be8702b14297e,Clay Center Utility Park And Zoo,1
2020-04-01,Kansas,Ellis County,Gas Stations,4b97c533f964a5208d1435e3,Cerv's,1
2020-04-01,Kansas,Russell County,School,4e74c097b0fb968032df571e,Russell High School,1
2020-04-01,Kansas,Crawford County,Big Box Stores,4bf9cdbdbc8695217aca7a6b,Walmart Supercenter,1
2020-04-01,Kansas,Douglas County,Grocery,4b0d7fdaf964a520aa4923e3,Hy-Vee,1
2020-04-01,Kansas,Douglas County,Grocery,4b0d7bc7f964a520554923e3,Dillons,2
2020-04-01,Kansas,Douglas County,Grocery,4b0d7d5ff964a5207f4923e3,Dillons,3
2020-04-01,Kansas,Douglas County,Grocery,4afa0132f964a520eb1522e3,Checkers,4
2020-04-01,Kansas,Douglas County,Grocery,4b0d7b2ff964a5204f4923e3,Dillons,5
2020-04-01,Kansas,Douglas County,Grocery,4d6be55cd47bb60c295da4aa,Dillons,6
2020-04-01,Kansas,Greenwood County,Gas Stations,4dd18f46d16465f3f93f0f08,Johnson's General Store,1
2020-04-01,Kansas,Greenwood County,Gas Stations,4d9b876ecbc96ea828d1ed25,Conoco,2
2020-04-01,Kansas,Johnson County,Shops & Services,4bdc9c52ccf52d7fbf8e786d,Sam's Club,1
2020-04-01,Kansas,Johnson County,Shops & Services,4ade6aeff964a520ca7521e3,Costco,2
2020-04-01,Kansas,Johnson County,Shops & Services,4aec50adf964a52001c621e3,Costco,3
2020-04-01,Kansas,Johnson County,Shops & Services,4ade6ac6f964a520c87521e3,Sam's Club,4
2020-04-01,Kansas,Johnson County,Shops & Services,57717cf1498e628235d73f3d,Tomahawk Shopping Center,5
2020-04-01,Kansas,Johnson County,Shops & Services,4ffccd08e4b0adc8f1aa3257,State Line Center,6
2020-04-01,Kansas,Johnson County,Shops & Services,4b6941b9f964a5200e9d2be3,UPS Customer Center,7
2020-04-01,Kansas,Johnson County,Shops & Services,56fa8706498ea76d59ee72e4,Menards,8
2020-04-01,Kansas,Johnson County,Shops & Services,4c221b939390c9b67dfac9cd,FedEx Ground,9
2020-04-01,Kansas,Johnson County,Shops & Services,576ec6b4498e85d8f0d09725,10 Quivira Plaza,10
2020-04-01,Kansas,Johnson County,Shops & Services,4c60a21413791b8d2a2550af,Corinth Square Shopping Center,11
2020-04-01,Kansas,Johnson County,Shops & Services,4b23ffa7f964a520b65e24e3,Family Tree Nursery,12
2020-04-01,Kansas,Mitchell County,Alcohol,598fae7d8134882ad1345d4b,8Th Street Liquor,1
2020-04-01,Kansas,Shawnee County,Airport,4d4528f9bbb1a1438f7e4f72,Philip Billard Municipal Airport,1
2020-04-01,Kansas,Allen County,School,527bf76f498e59ac7f399849,Humboldt High School,1
2020-04-01,Kansas,Finney County,Hotel,542366e0498ec95dc8a5085d,TownePlace Suites by Marriott,1
2020-04-01,Kansas,Jefferson County,Outdoors & Recreation,4c70047ddf6b8cfab1d3b64d,Perry Lake,1
2020-04-01,Kansas,Pottawatomie County,Fast Food Restaurants,53bff224498e95ba027eab28,Chick-fil-A,1
2020-04-01,Kansas,Saline County,Grocery,4c577729744a0f47de33c9cb,Dillons,1
2020-04-01,Kansas,Saline County,Grocery,4bd2321777b29c7480408e82,Dillons,2
2020-04-01,Kansas,Saline County,Grocery,4c58aa2b04f9be9a968ced60,Dillons,3
2020-04-01,Kansas,Finney County,Food,5b96ae7ef427de002c5b2e19,Love's Travel Stop,1
2020-04-01,Kansas,Johnson County,Banks,51192bed72dae9bb5d0a1c0e,CommunityAmerica Credit Union,1
2020-04-01,Kansas,Johnson County,Banks,583217d0d0bb3e2143b1df44,CommunityAmerica Credit Union,2
2020-04-01,Kansas,Hamilton County,Discount Stores,4dd57e6abd41965192d11885,Dollar General,1
2020-04-01,Kansas,Reno County,School,4d449c241928a35deec5ba70,Nickerson High School,1
2020-04-01,Kansas,Barton County,Fast Food Restaurants,4c2baa95b34ad13a2c26eace,SONIC Drive In,1
2020-04-01,Kansas,Barton County,Fast Food Restaurants,4bc24aeb4cdfc9b686ed9521,Dairy Queen,2
2020-04-01,Kansas,Barton County,Fast Food Restaurants,4d1bd5a68860a0933484b634,Dairy Queen,3
2020-04-01,Kansas,Miami County,Colleges & Universities,4d0171476212721ec0fde011,Spring Hill Intermediate School,1
2020-04-01,Kansas,Scott County,Gas Stations,5741d751498ef558ce09a269,Love's,1
2020-04-01,Kansas,Seward County,Shops & Services,5a566256b6eedb52e51bf69f,Car Wash,1
2020-04-01,Kansas,Wyandotte County,Banks,4cfefea066ee9eb0ad62a74e,U.S. Bank Branch,1
2020-04-01,Kansas,Saline County,Hardware Stores,4b9c0887f964a520114336e3,Lowe's,1
2020-04-01,Kansas,Saline County,Hardware Stores,4dbb681fcda109aa6c817836,Menards,2
2020-04-01,Kansas,Sedgwick County,Convenience Store,5532936f498e24c6e9cc9444,QuikTrip,1
2020-04-01,Kansas,Sedgwick County,Convenience Store,4c5c08d86147be9a72108e09,QuikTrip,2
2020-04-01,Kansas,Sedgwick County,Convenience Store,4c6ecf34df6b8cfa9239b34d,QuikTrip,3
2020-04-01,Kansas,Sedgwick County,Convenience Store,4b8ebbdaf964a520d03333e3,QuikTrip,4
2020-04-01,Kansas,Sedgwick County,Convenience Store,4b658953f964a52097f32ae3,QuikTrip,5
2020-04-01,Kansas,Sedgwick County,Convenience Store,4bd4f5fd6798ef3bbfc5628d,QuikTrip,6
2020-04-01,Kansas,Sedgwick County,Convenience Store,4ba22f2af964a52014e237e3,QuikTrip,7
2020-04-01,Kansas,Sedgwick County,Convenience Store,52b5baa311d23b2f76786210,QuikTrip,8
2020-04-01,Kansas,Sedgwick County,Convenience Store,4ba4e112f964a52037be38e3,QuikTrip,9
2020-04-01,Kansas,Sedgwick County,Convenience Store,4b68d8b7f964a520e18f2be3,QuikTrip,10
2020-04-01,Kansas,Sedgwick County,Convenience Store,4b50b3dbf964a5204f2e27e3,QuikTrip,11
2020-04-01,Kansas,Sedgwick County,Convenience Store,4b97f5f0f964a520622235e3,QuikTrip,12
2020-04-01,Kansas,Sedgwick County,Convenience Store,4b7ef9a8f964a5209e0d30e3,QuikTrip,13
2020-04-01,Kansas,Sedgwick County,Convenience Store,52fe849b11d2c7eedc98ac79,Kwik Shop,14
2020-04-01,Kansas,Sedgwick County,Convenience Store,4b5383a9f964a5209aa027e3,QuikTrip,15
2020-04-01,Kansas,Sedgwick County,Convenience Store,4c4d102474e81b8d36193507,Kwik Shop,16
2020-04-01,Kansas,Sedgwick County,Convenience Store,4b70bcc3f964a5204c2c2de3,QuikTrip,17
2020-04-01,Kansas,Sedgwick County,Convenience Store,58b5e852ac329115d2756cac,Quick Trip,18
2020-04-01,Kansas,Sedgwick County,Convenience Store,4f1031eae4b0d3f8a4070078,QuikTrip,19
2020-04-01,Kansas,Sedgwick County,Convenience Store,4be480f5d4f7c9b6773e2420,QuikTrip,20
2020-04-01,Kansas,Sedgwick County,Convenience Store,4bd8815c35aad13ac10c91f3,Kwik Shop,21
2020-04-01,Kansas,Sedgwick County,Convenience Store,4b5214aef964a5204e6627e3,QuikTrip,22
2020-04-01,Kansas,Sedgwick County,Convenience Store,4de1ba948877bcb686347a20,QuikTrip,23
2020-04-01,Kansas,Sedgwick County,Convenience Store,4bb11056f964a52020773ce3,Kwik Shop,24
2020-04-01,Kansas,Sedgwick County,Convenience Store,4c81d299dc018cfa0bf2c96c,Kwik Shop,25
2020-04-01,Kansas,Sedgwick County,Convenience Store,5b0d592a005ac1002c04277f,Casey's General Store,26
2020-04-01,Kansas,Johnson County,Professional & Other Places,57d166fc498eec493f90a8b1,Amazon - MKC4,1
2020-04-01,Kansas,Johnson County,Professional & Other Places,4dd1116fb0fb25f6e381ed86,UPS Hub,2
2020-04-01,Kansas,Johnson County,Professional & Other Places,5b03e53de679bc002cc5e4f5,Cold Point Logistics,3
2020-04-01,Kansas,Johnson County,Professional & Other Places,597648f74420d807a02f7f8a,Amazon DMC 1,4
2020-04-01,Kansas,Johnson County,Professional & Other Places,5a7a2b0e95d9863b52bdc4f1,UPS Edgerton Hub,5
2020-04-01,Kansas,Johnson County,Professional & Other Places,4b2323bbf964a520bc5324e3,US Post Office,6
2020-04-01,Kansas,Johnson County,Professional & Other Places,4bb633a42f70c9b6f9098530,Tyson Foods,7
2020-04-01,Kansas,Shawnee County,Office,4e42837afa7630be8400c9fd,Westar Energy Training Center,1
2020-04-01,Kansas,Trego County,Travel & Transport,4cf2ab9994feb1f7a0961eba,I-70 Westbound Rest Stop,1
2020-04-01,Kansas,Finney County,Gas Stations,4c35c3c3ed37a5930af57003,Quicker Market,1
2020-04-01,Kansas,Finney County,Gas Stations,5d1e2f7779ad5e002355ae50,Garden City Travel Plaza,2
2020-04-01,Kansas,Franklin County,Professional & Other Places,4d983f93942ba09322b9808c,American Eagle Outfitters,1
2020-04-01,Kansas,Franklin County,Professional & Other Places,4e7fd0f59a52a0fcc39d1bd3,Walmart Distribution Center,2
2020-04-01,Kansas,Neosho County,Medical,4d3c6ab5457cb60c0c67efa4,Neosho Memorial Hospital,1
2020-04-01,Kansas,Butler County,Outdoors & Recreation,4dbc9151f7b1ab37dd62a7cf,Summit Park,1
2020-04-01,Kansas,Doniphan County,Food,4c5f6b153986e21e1338924f,Casey's General Store,1
2020-04-01,Kansas,Labette County,Medical,4e4019ed8877b00cfc692686,Parsons State Hospital,1
2020-04-01,Kansas,Labette County,Medical,4bc769cb15a7ef3b505b79da,Labette Health,2
2020-04-01,Kansas,Pottawatomie County,Grocery,4b70a24af964a5208b262de3,Dillons,1
2020-04-01,Kansas,Pottawatomie County,Grocery,4bb4b2f0a7059521948a1bce,Aldi's,2
2020-04-01,Kansas,Saline County,Big Box Stores,4baa9d77f964a520d0793ae3,Walmart Supercenter,1
2020-04-01,Kansas,Saline County,Big Box Stores,4b7f2a1df964a520b11b30e3,Target,2
2020-04-01,Kansas,Thomas County,Nightlife Spots,4c45ef0a37f6d13a8ea56196,Twisters,1
2020-04-01,Kansas,Montgomery County,Arts & Entertainment,4da31d8b540ea1cd181d8ade,Dalton Defenders Museum,1
2020-04-01,Kansas,Reno County,Sports,4bd4e34e4e32d13a2123c080,Carey Park Golf Course,1
2020-04-01,Kansas,Shawnee County,Fast Food Restaurants,4d5ba78a524fa35d8daf4035,Hardee's,1
2020-04-01,Kansas,Shawnee County,Fast Food Restaurants,5813f69938fa25270e7243e8,Chick-fil-A,2
2020-04-01,Kansas,Shawnee County,Fast Food Restaurants,4b85f432f964a520467b31e3,SONIC Drive In,3
2020-04-01,Kansas,Shawnee County,Fast Food Restaurants,4b4d2030f964a520decb26e3,Sonic Drive-In,4
2020-04-01,Kansas,Shawnee County,Fast Food Restaurants,4bb5410d1344b713131b9c04,McDonald's,5
2020-04-01,Kansas,Shawnee County,Fast Food Restaurants,4bda606c0ef39c74d1b31d2d,McDonald's,6
2020-04-01,Kansas,Shawnee County,Fast Food Restaurants,4b6c6cc6f964a52017392ce3,McDonald's,7
2020-04-01,Kansas,Shawnee County,Fast Food Restaurants,4bad060cf964a52099253be3,McDonald's,8
2020-04-01,Kansas,Shawnee County,Fast Food Restaurants,4bad55a5f964a52048473be3,SONIC Drive In,9
2020-04-01,Kansas,Shawnee County,Fast Food Restaurants,4b9ae133f964a520e6de35e3,SONIC Drive In,10
2020-04-01,Kansas,Shawnee County,Fast Food Restaurants,4b6dd38bf964a52082932ce3,McDonald's,11
2020-04-01,Kansas,Hamilton County,Gas Stations,4ea4490eb8f7e4911f64c196,Love's Country Store,1
2020-04-01,Kansas,Johnson County,Nightlife Spots,5131608ee4b008f25f470392,Hy-Vee Bar,1
2020-04-01,Kansas,Sedgwick County,Office,4bb0d494f964a520f4603ce3,Spirit Aerosystems,1
2020-04-01,Kansas,Sedgwick County,Office,4c282ca69fb5d13aff439957,Johnson Controls,2
2020-04-01,Kansas,Sedgwick County,Office,50c74213e4b041c64c8f13cf,FlightSafety Maintenance Learning Center,3
2020-04-01,Kansas,Sedgwick County,Office,4b9ac396f964a5207ad335e3,Garvey Center,4
2020-04-01,Kansas,Sedgwick County,Office,4d910b715f33b1f798bd657e,Mahaney Roofing Company,5
2020-04-01,Kansas,Sedgwick County,Office,4dacafe304370a776f5e2658,The radar shop,6
2020-04-01,Kansas,Shawnee County,Big Box Stores,4c579a1ab7a31b8d6ac650da,Walmart Supercenter,1
2020-04-01,Kansas,Shawnee County,Big Box Stores,4b78ab13f964a5200add2ee3,Walmart Supercenter,2
2020-04-01,Kansas,Shawnee County,Big Box Stores,4b4d1f8af964a520c7cb26e3,Walmart Supercenter,3
2020-04-01,Kansas,Shawnee County,Big Box Stores,5368d308498eaa62455a7fc9,Walmart,4
2020-04-01,Kansas,Shawnee County,Big Box Stores,4b4a21a2f964a520b27b26e3,Target,5
2020-04-01,Kansas,Shawnee County,Big Box Stores,568816a1498eed21ccc2e003,Sutherlands,6
2020-04-01,Kansas,Cherokee County,Nightlife Spots,4c6b315ce13db60cb1f6d3b1,Red Ball,1
2020-04-01,Kansas,Brown County,Food,4c39215f18e72d7fb6c019f5,Pizza Hut,1
2020-04-01,Kansas,Haskell County,Gas Stations,4b5399b2f964a52020a427e3,Corner Express,1
2020-04-01,Kansas,Saline County,Residences,4e765c71a809582dd65aedc7,Eaglecrest Retirement Community,1
2020-04-01,Kansas,Sedgwick County,Alcohol,4b9c0336f964a520ab4036e3,Groves Wine & Liquor,1
2020-04-01,Kansas,Sedgwick County,Alcohol,50023f77e4b09fa8c3e460c7,Lightner Retail Liquor,2
2020-04-01,Kansas,Sumner County,Grocery,4cfa7de57f2db1f70dce27d4,Dillons,1
2020-04-01,Kansas,Brown County,Gas Stations,4d7c02d1645ea35dabeb3df8,Sac and Fox Truck Stop,1
2020-04-01,Kansas,Leavenworth County,Government,4e0b572ad4c091ae45dad429,City Service Center,1
2020-04-01,Kansas,Pratt County,Grocery,4bd0b40477b29c74774c8b82,Dillons,1
2020-04-01,Kansas,Butler County,Nightlife Spots,51d6b5fa498e668e623f5702,Walnut River Brewing Company,1
2020-04-01,Kansas,Cowley County,Fast Food Restaurants,4c687e7a607ad13abde3a82b,SONIC Drive In,1
2020-04-01,Kansas,Cowley County,Fast Food Restaurants,4c181bef6a21c9b66b98c897,SONIC Drive In,2
2020-04-01,Kansas,Atchison County,Big Box Stores,4b943265f964a520156e34e3,Walmart Supercenter,1
2020-04-01,Kansas,Franklin County,Gas Stations,4cd5aa65122ba143bfc82da1,Wellsville Market & Gas,1
2020-04-01,Kansas,Republic County,Food,4e4e340dbd4101d0d7a4aefd,Casey's General Store,1
2020-04-01,Kansas,Shawnee County,Convenience Store,4b6152c1f964a5201b102ae3,Kwik Shop,1
2020-04-01,Kansas,Shawnee County,Convenience Store,4bb3d125eb3e9521e6b1cb0a,Kwik Shop,2
2020-04-01,Kansas,Shawnee County,Convenience Store,4b6c2145f964a52046252ce3,Kwik Shop,3
2020-04-01,Kansas,Shawnee County,Convenience Store,4c49a9a0fbafc928859e37db,Kwik Shop,4
2020-04-01,Kansas,Shawnee County,Convenience Store,4cb723f758b6ef3bc9b4280c,Kwik Shop,5
2020-04-01,Kansas,Bourbon County,Gas Stations,4d96600eaf3d236a08ed08c7,Pete's,1
2020-04-01,Kansas,Bourbon County,Gas Stations,4ede85645c5cced9782a5bed,Phillips 66,2
2020-04-01,Kansas,Wyandotte County,Drug Store,551c1114498e6d869617e42c,Walmart Pharmacy,1
2020-04-01,Kansas,Wyandotte County,Drug Store,56d9c071cd1083307133d895,Walmart Pharmacy,2
2020-04-01,Kansas,Wyandotte County,Drug Store,4bea026a415e20a1c09be4bb,Walgreens,3
2020-04-01,Kansas,Allen County,Fast Food Restaurants,4f32749a19836c91c7d9852f,McDonald's,1
2020-04-01,Kansas,Allen County,Fast Food Restaurants,4babaa1ef964a52035be3ae3,A&W,2
2020-04-01,Kansas,Leavenworth County,Fast Food Restaurants,4b96fec5f964a52079f234e3,McDonald's,1
2020-04-01,Kansas,Leavenworth County,Fast Food Restaurants,50f426b73d7cb7a370777047,McDonald's,2
2020-04-01,Kansas,Montgomery County,Sports,511d7dfee4b0d4e15652a757,Roller Dome Skating Rink,1
2020-04-01,Kansas,Montgomery County,Sports,4bb7c53b314e952106ae479d,Coffeyville Country Club,2
2020-04-01,Kansas,Sedgwick County,Airport,4b148691f964a5203da423e3,Wichita Dwight D. Eisenhower National Airport (ICT),1
2020-04-01,Kansas,Sedgwick County,Sports,4f84c37de4b04159b2d75c47,Clearwater Sports Complex,1
2020-04-01,Kansas,Wyandotte County,Fast Food Restaurants,4b241fa7f964a520976124e3,McDonald's,1
2020-04-01,Kansas,Wyandotte County,Fast Food Restaurants,4b536ecaf964a520b89c27e3,McDonald's,2
2020-04-01,Kansas,Wyandotte County,Food,4cd8384d15d8b60c11ea640e,Kellogs Snacks,1
2020-04-01,Kansas,Wyandotte County,Food,52b3434d498e30f15b9c5c50,J's Fish And Chicken,2
2020-04-01,Kansas,Wyandotte County,Food,4faaaa87e4b0c4df8bb9d7e0,Brancato's Catering,3
2020-04-01,Kansas,Wyandotte County,Food,4b787c96f964a520abd12ee3,Starbucks,4
2020-04-01,Kansas,Wyandotte County,Food,4e3d4cf562e19d61096bfe2c,El Torito #2,5
2020-04-01,Kansas,Wyandotte County,Food,4f9d97d9e4b0a3d1dd31b220,Amigos Grill & Cantina,6
2020-04-01,Kansas,Barton County,School,4d3624e81b39224be9a89887,Great Bend High School,1
2020-04-01,Kansas,Barton County,School,4ddd980ed164154218313a69,Great Bend Middle School,2
2020-04-01,Kansas,Montgomery County,Gas Stations,4e0b967688776dc7d9e60254,Phillips 66 / Jump Start,1
2020-04-01,Kansas,Montgomery County,Gas Stations,4d121c2d93cf6a315a31ffe1,Casey's General Store,2
2020-04-01,Kansas,Montgomery County,Gas Stations,4ced2f0e840a9eb01ddf9f13,Casey's General Store,3
2020-04-01,Kansas,Trego County,Gas Stations,4b5a0869f964a520f5a828e3,24-7 Travel Plaza,1
2020-04-01,Kansas,Ellis County,Medical,4b7ef485f964a520130c30e3,Hays Medical Center,1
2020-04-01,Kansas,Ellis County,Medical,4dbf03340cb6f21c126a2bfb,Hays Veterinary Hospital,2
2020-04-01,Kansas,Ellis County,Medical,52442c9d11d24e5e34245c4b,Michael E. DeBakey Heart Institute,3
2020-04-01,Kansas,Ellis County,Medical,4c922fb1b641236a7fa58779,Pediatric Center,4
2020-04-01,Kansas,Ellsworth County,Fast Food Restaurants,55c6b582498e332a1c66289f,Sonic Drive-In,1
2020-04-01,Kansas,Grant County,Food,4f2489e3e4b02a95fe8b4830,El Ranchito Cafe,1
2020-04-01,Kansas,Grant County,Food,4c5ffa4d3a3703bb3210e406,Pizza Hut,2
2020-04-01,Kansas,Johnson County,Alcohol,4aee0032f964a5201ad121e3,Lukas Liquors,1
2020-04-01,Kansas,Labette County,Colleges & Universities,4ba793c0f964a520099f39e3,Labette Community College,1
2020-04-01,Kansas,Seward County,Gas Stations,517ae11471791f1ba52a6c65,Shell,1
2020-04-01,Kansas,Cherokee County,Outdoors & Recreation,505b6efbe4b095f433b4b765,Riverside Park on Spring River,1
2020-04-01,Kansas,Geary County,Drug Store,52f6bdc1498e6c9abf45d8c4,CVS pharmacy,1
2020-04-01,Kansas,Pottawatomie County,Hardware Stores,4ce52d6f5bf68cfa902d3b17,Menards,1
2020-04-01,Kansas,Saline County,Fast Food Restaurants,4ba26517f964a52093f437e3,McDonald's,1
2020-04-01,Kansas,Saline County,Fast Food Restaurants,4c6f2a80d7fab1f7a9c05ac9,Burger King,2
2020-04-01,Kansas,Saline County,Fast Food Restaurants,4c42d139cc410f47425dad61,McDonald's,3
2020-04-01,Kansas,Saline County,Fast Food Restaurants,4bd3316dcaff9521823dd4f0,McDonald's,4
2020-04-01,Kansas,Saline County,Gas Stations,4c772305a5676dcb50fc1721,Petro Stopping Center,1
2020-04-01,Kansas,Saline County,Gas Stations,4ba4e6cdf964a520e1c038e3,Pilot Travel Centers,2
2020-04-01,Kansas,Saline County,Gas Stations,4b69b85af964a520dbaf2be3,Flying J,3
2020-04-01,Kansas,Saline County,Gas Stations,4bbab8f298c7ef3bdc773302,Kwik Shop,4
2020-04-01,Kansas,Sedgwick County,Medical,4b3a736af964a520a36725e3,Wesley Medical Center,1
2020-04-01,Kansas,Sedgwick County,Medical,4b9e5599f964a520c3da36e3,"Robert J. Dole, Wichita VA Medical Center",2
2020-04-01,Kansas,Sedgwick County,Medical,4b58b7a3f964a520326728e3,Via Christi Hospital St. Francis,3
2020-04-01,Kansas,Sedgwick County,Medical,50463d87e4b0ced4cee57425,Wesley Medical Arts Building,4
2020-04-01,Kansas,Sedgwick County,Medical,4b5613e2f964a52037ff27e3,West Wichita Family Physicians,5
2020-04-01,Kansas,Sedgwick County,Medical,4e364b66e4cd9aba7ccd9e62,Saint Francis Hospice Unit,6
2020-04-01,Kansas,Sedgwick County,Medical,5a875fdfe1f22877873beae5,Health Core Clinic,7
2020-04-01,Kansas,Saline County,Outdoors & Recreation,4bd645c8637ba593160af870,Sunset Park,1
2020-04-01,Kansas,Saline County,Outdoors & Recreation,4bb13144f964a52054823ce3,Jerry Ivey Park,2
2020-04-01,Kansas,Finney County,School,4ee125817ee583c236a792bd,Holcomb High School,1
2020-04-01,Kansas,Finney County,School,4fe89a5be4b0117429c429c8,Charles O Stones Intermediate Center,2
2020-04-01,Kansas,Harper County,Government,50304d45d63ec9ac236e4663,Harper County Courthouse,1
2020-04-01,Kansas,Leavenworth County,Travel & Transport,4e3bf33d091a0fc67ea2c436,KTA Lawrence Service Area,1
2020-04-01,Kansas,Leavenworth County,Travel & Transport,4ea10d408231f6dc6970bb82,K7,2
2020-04-01,Kansas,Leavenworth County,Travel & Transport,4da30628c6e96ea86454e05d,KTA Toll Plaza - KC Exit,3
2020-04-01,Kansas,Leavenworth County,Travel & Transport,4e34cfb6c65b2313e28793d5,Suncatcher Lake & RV Resort,4
2020-04-01,Kansas,McPherson County,Convenience Store,4b8e92d2f964a520822933e3,Main Street Deli,1
2020-04-01,Kansas,Cherokee County,Convenience Store,4e4e3411bd4101d0d7a4af72,Casey's General Store,1
2020-04-01,Kansas,Labette County,Convenience Store,4ced2e55840a9eb036cb9f13,Casey's General Store,1
2020-04-01,Kansas,Labette County,Convenience Store,4f0e245ce4b057516907413f,Wood Shed,2
2020-04-01,Kansas,Sedgwick County,Big Box Stores,4b87cfd7f964a5202ccd31e3,Walmart Supercenter,1
2020-04-01,Kansas,Sedgwick County,Big Box Stores,4b79c4bff964a520c3102fe3,Walmart Supercenter,2
2020-04-01,Kansas,Sedgwick County,Big Box Stores,4b5b6007f964a520e7f828e3,Walmart Supercenter,3
2020-04-01,Kansas,Sedgwick County,Big Box Stores,4b5520bbf964a52022dc27e3,Walmart Supercenter,4
2020-04-01,Kansas,Sedgwick County,Big Box Stores,4b594233f964a520348328e3,Walmart Supercenter,5
2020-04-01,Kansas,Sedgwick County,Big Box Stores,4b552082f964a52018dc27e3,Walmart Supercenter,6
2020-04-01,Kansas,Sedgwick County,Big Box Stores,4ba691a5f964a5201e5f39e3,Walmart Supercenter,7
2020-04-01,Kansas,Sedgwick County,Big Box Stores,4b6dbf02f964a520e38b2ce3,Target,8
2020-04-01,Kansas,Sedgwick County,Big Box Stores,50f07a40e4b02a906cacc907,Walmart Supercenter,9
2020-04-01,Kansas,Sedgwick County,Big Box Stores,4b730968f964a52057972de3,Target,10
2020-04-01,Kansas,Sedgwick County,Big Box Stores,4bbd20a08ec3d13a77bd1b28,Target,11
2020-04-01,Kansas,Sedgwick County,Big Box Stores,4b47e8fcf964a520a94326e3,Target,12
2020-04-01,Kansas,Ford County,Gas Stations,4e695497c65b5bef27ea0fad,Flying J,1
2020-04-01,Kansas,Wyandotte County,Residences,4f5fb739e4b0a7555ba984d5,Strawberry Hill,1
2020-04-01,Kansas,Wyandotte County,Residences,5078e03ae4b0e1f137c8b038,da ghetto,2
2020-04-01,Kansas,Johnson County,Arts & Entertainment,57353a1d498eb42025f1f794,Chome Space Portal,1
2020-04-01,Kansas,Shawnee County,Sports,4b8f14f2f964a520264833e3,SportZone,1
2020-04-01,Kansas,Shawnee County,Sports,4bd1b54ea8b3a593092c665f,Prairie View Golf Course,2
2020-04-01,Kansas,Reno County,Gas Stations,5b96c221610f040039b0e0dc,Love's Travel Stop,1
2020-04-01,Kansas,Reno County,Gas Stations,4e7d1caf6c25ad8e6f3f0b14,Cenex,2
2020-04-01,Kansas,Sedgwick County,Fitness Center,4b915de7f964a520b0b633e3,Northwest YMCA,1
2020-04-01,Kansas,Sedgwick County,Fitness Center,4b3e3a8df964a520cc9925e3,Downtown YMCA,2
2020-04-01,Kansas,Sumner County,Food,4c4a04e546240f47ca003ff1,Gambino's Pizza,1
2020-04-01,Kansas,Sumner County,Food,4ced3035840a9eb071fd9f13,Casey's General Store,2
2020-04-01,Kansas,Sumner County,Food,4c846bbbd34ca14365fa3e80,Penny's Diner,3
2020-04-01,Kansas,Franklin County,Colleges & Universities,4b2157ebf964a520673a24e3,Ottawa University,1
2020-04-01,Kansas,McPherson County,Food,55443b02498efeaef69d187b,Love's Travel Stop,1
2020-04-01,Kansas,McPherson County,Food,4bdb73a03904a593368a4a9e,Main Street Pizza Cafe,2
2020-04-01,Kansas,McPherson County,Food,59739453f2905e41f954ca05,Noffy's Sandwich Shop & Pub,3
2020-04-01,Kansas,Reno County,Discount Stores,4d05420926adb1f788e5d670,Dollar General,1
2020-04-01,Kansas,Sedgwick County,Colleges & Universities,4b282cb2f964a520419024e3,Wichita State University,1
2020-04-01,Kansas,Bourbon County,Nightlife Spots,4bcabf2068f976b0bcff5f83,Holmtown Pub,1
2020-04-01,Kansas,Kearny County,Convenience Store,5afdca0867e5f2002c48c959,Casey's General Store,1
2020-04-01,Kansas,McPherson County,Fast Food Restaurants,56632caa498e91cb4a830c7c,Hardee's,1
2020-04-01,Kansas,Pawnee County,Fast Food Restaurants,4bb91e40b35776b05ea4c901,Sonic Drive-In,1
2020-04-01,Kansas,Pratt County,Professional & Other Places,5c203c5c4928220034ffa883,Elks Lodge,1
2020-04-01,Kansas,Riley County,Nightlife Spots,4de6fbf7ae60db140a8b2417,Home,1
2020-04-01,Kansas,Douglas County,Sports,543bfe91498e88f9b16177ed,lawrence sports pavillion,1
2020-04-01,Kansas,Montgomery County,Professional & Other Places,4e5ccf3cfa76f39e1cb95e76,Coffeyville Refinery,1
2020-04-01,Kansas,Shawnee County,Alcohol,4b7ed604f964a520160330e3,Vern's Retail Liquor,1
2020-04-01,Kansas,Lane County,Hotel,4df953cdb61c7e9df14bfb76,Heritage Hotel,1
2020-04-01,Kansas,Leavenworth County,Outdoors & Recreation,4c38e63d0a71c9b69e9141c9,Stubby Park,1
2020-04-01,Kansas,Leavenworth County,Outdoors & Recreation,4f0dc396e4b040d48221b4fd,Three Mile Creek Trail (West End),2
2020-04-01,Kansas,Sedgwick County,School,4c76da9b59a3236a3cf3bf18,Mead Middle School,1
2020-04-01,Kansas,Sedgwick County,School,4bf05d487ed12d7f1916e7c2,Andale High School,2
2020-04-01,Kansas,Sedgwick County,School,4bbce370a8cf76b06919b1fd,Coleman Middle School,3
2020-04-01,Kansas,Sedgwick County,School,4b59db09f964a520319c28e3,GODDARD High School,4
2020-04-01,Kansas,Sedgwick County,School,4cd316eb2561a35d1b782fdd,Garden Plain High School,5
2020-04-01,Kansas,Sedgwick County,School,4bb27d7935f0c9b63c5abb83,Mulvane High School,6
2020-04-01,Kansas,Sedgwick County,School,4f5b7e47e4b0695cba2d4fc1,Gordon Parks Academy,7
2020-04-01,Kansas,Sedgwick County,School,507ca760e4b043916f0b5312,Clearwater Middle School,8
2020-04-01,Kansas,Sedgwick County,School,4dd01ecf22718eed7a623354,Derby Hills Elementary School,9
2020-04-01,Kansas,Sedgwick County,School,4cb31ee839458cfa74fa17a0,Clearwater High School,10
2020-04-01,Kansas,Stafford County,School,4d0d1c3f3905b1f7eb79984b,Stafford Schools,1
2020-04-01,Kansas,Finney County,Sports,4cdf125ddb12548189d434ce,Buffalo Dunes Golf Course,1
2020-04-01,Kansas,Johnson County,Residences,512ea817e4b0ac135a24dc30,Leawood South,1
2020-04-01,Kansas,Johnson County,Residences,52ec624e11d21039925f3a07,Stonebridge Trails,2
2020-04-01,Kansas,Johnson County,Residences,52c901e9498efe4302d344a5,The Sac,3
2020-04-01,Kansas,Johnson County,Residences,4fecbcebe4b0cad7592ac839,The Timbers at Clear Creek,4
2020-04-01,Kansas,Johnson County,Residences,57851656498e0c74be7d6a3e,CityPlace,5
2020-04-01,Kansas,Johnson County,Residences,5a84db8f3d47913ed0873e22,The Royale at CityPlace Apartments,6
2020-04-01,Kansas,Ottawa County,Professional & Other Places,5782bb1c498ee7f6ac1f3e5d,Minneapolis Post Office,1
2020-04-01,Kansas,Riley County,Government,5c48ba1f6fd626002c7067e2,Irf Ft Riley,1
2020-04-01,Kansas,Thomas County,Gas Stations,4b97f7ecf964a520fc2235e3,Pilot Travel Centers,1
2020-04-01,Kansas,Thomas County,Gas Stations,50b7e91e5d2466acc94de194,Oasis Travel Center,2
2020-04-01,Kansas,Douglas County,Colleges & Universities,4be44a28cf200f4730bc113c,The University of Kansas,1
2020-04-01,Kansas,Lyon County,Professional & Other Places,4fa40ff1e4b089a9595049f7,bunge North America,1
2020-04-01,Kansas,Lyon County,Professional & Other Places,4f5f8567e4b01b0f4a85171c,Norfolk Iron & Metal,2
2020-04-01,Kansas,Wyandotte County,Alcohol,4d822d077252a1cd0668a85d,Rogers Wholesale Liquor Store,1
2020-04-01,Kansas,Atchison County,Fast Food Restaurants,4c5ecc99ed29ef3b2e8c9f76,SONIC Drive In,1
2020-04-01,Kansas,Ellis County,Grocery,4bf9a39d8d30d13a4b930218,Dillons,1
2020-04-01,Kansas,Ellis County,Grocery,4b5c9e35f964a5203f3a29e3,Dillons,2
2020-04-01,Kansas,Meade County,Travel & Transport,4bef62b496edc9b6faba4af2,Meade Truck Plaza,1
2020-04-01,Kansas,Johnson County,Big Box Stores,4b21ca4bf964a520734124e3,Walmart Supercenter,1
2020-04-01,Kansas,Johnson County,Big Box Stores,4b2485fff964a5205f6824e3,Walmart Supercenter,2
2020-04-01,Kansas,Johnson County,Big Box Stores,4b1f5364f964a520822524e3,Walmart Supercenter,3
2020-04-01,Kansas,Johnson County,Big Box Stores,4b5515fef964a520acda27e3,Walmart Supercenter,4
2020-04-01,Kansas,Johnson County,Big Box Stores,4b15db2ef964a52017b523e3,Walmart,5
2020-04-01,Kansas,Johnson County,Big Box Stores,516cdae2e4b05095d65d89f9,Walmart Supercenter,6
2020-04-01,Kansas,Johnson County,Big Box Stores,4b301202f964a5207ef524e3,Walmart,7
2020-04-01,Kansas,Johnson County,Big Box Stores,4b267247f964a5209f7b24e3,Walmart Supercenter,8
2020-04-01,Kansas,Johnson County,Big Box Stores,4aee6f9ff964a520d4d321e3,Walmart Supercenter,9
2020-04-01,Kansas,Johnson County,Big Box Stores,4f343cfae4b0ba725502076f,Target,10
2020-04-01,Kansas,Johnson County,Big Box Stores,4f55114fe4b0639bbc30bec4,Target,11
2020-04-01,Kansas,Johnson County,Big Box Stores,4aec84b4f964a5202cc821e3,Target,12
2020-04-01,Kansas,Johnson County,Big Box Stores,4ad8aa76f964a520781321e3,Target,13
2020-04-01,Kansas,Johnson County,Big Box Stores,4b0744d3f964a52003fb22e3,Target,14
2020-04-01,Kansas,Johnson County,Big Box Stores,4b20757cf964a520693224e3,Target,15
2020-04-01,Kansas,Johnson County,Big Box Stores,4ca65e39d971b1f7ad72ffe0,Target,16
2020-04-01,Kansas,Pratt County,Big Box Stores,4bcdff57b6c49c74655a9691,Walmart Supercenter,1
2020-04-01,Kansas,Riley County,Grocery,4b70a2bbf964a520a8262de3,Dillons,1
2020-04-01,Kansas,Riley County,Grocery,4b68d3cff964a520f28e2be3,Hy-Vee,2
2020-04-01,Kansas,Butler County,Travel & Transport,4b955be0f964a5205a9e34e3,KTA Towanda Service Area,1
2020-04-01,Kansas,Linn County,Nightlife Spots,4f3279e319836c91c7db8417,Frankie's Liquor,1
2020-04-01,Kansas,Nemaha County,Food,573757bc498edc94a0b0db0d,Downtown Coffee Co.,1
2020-04-01,Kansas,Ellis County,Food,4f443b9719836ed00193013a,Subway,1
2020-04-01,Kansas,Ellis County,Food,4db73b58cda18a0b609fc2d6,Love's Travel Stop,2
2020-04-01,Kansas,Ellis County,Food,58e52113ef46940853e1e4e5,Professor's Classic Sandwich Shop,3
2020-04-01,Kansas,Ellsworth County,Food,4c2febb216adc9289c77be9c,Casey's General Store,1
2020-04-01,Kansas,Ellsworth County,Food,4c5ffa713a3703bb6a10e406,Pizza Hut,2
2020-04-01,Kansas,Riley County,Colleges & Universities,4ba0ec7cf964a520678737e3,Kansas State University,1
2020-04-01,Kansas,Riley County,Professional & Other Places,4bcb7815fb84c9b656f21e3e,Fort Riley,1
2020-04-01,Kansas,Sedgwick County,Fast Food Restaurants,4da9b2ecfa8cc76497204273,McDonald's,1
2020-04-01,Kansas,Sedgwick County,Fast Food Restaurants,4ecb244d30f8ecd40f93d1ca,Chick-fil-A,2
2020-04-01,Kansas,Sedgwick County,Fast Food Restaurants,4b69d491f964a520dbb62be3,McDonald's,3
2020-04-01,Kansas,Sedgwick County,Fast Food Restaurants,4b706b19f964a52039192de3,Sonic Drive-In,4
2020-04-01,Kansas,Sedgwick County,Fast Food Restaurants,4c29549b3492a593e9d9b828,SONIC Drive In,5
2020-04-01,Kansas,Sedgwick County,Fast Food Restaurants,4c5c18577f661b8d8785471c,McDonald's,6
2020-04-01,Kansas,Sedgwick County,Fast Food Restaurants,4b2d4b1af964a5205ad324e3,Sonic Drive-In,7
2020-04-01,Kansas,Sedgwick County,Fast Food Restaurants,4b6ae0e9f964a520eae42be3,McDonald's,8
2020-04-01,Kansas,Sedgwick County,Fast Food Restaurants,4bb5501546d4a59373eac4c0,SONIC Drive In,9
2020-04-01,Kansas,Sedgwick County,Fast Food Restaurants,4b328062f964a520450d25e3,Sonic Drive-In,10
2020-04-01,Kansas,Sedgwick County,Fast Food Restaurants,4bd881fe09ecb713c004497c,McDonald's,11
2020-04-01,Kansas,Sedgwick County,Fast Food Restaurants,4bdefc2d6316d13a65c8a011,SONIC Drive In,12
2020-04-01,Kansas,Sedgwick County,Fast Food Restaurants,4fe8a463e4b098f61fc3469b,Chick-fil-A,13
2020-04-01,Kansas,Sedgwick County,Fast Food Restaurants,4c53ac2106901b8d5f68844a,McDonald's,14
2020-04-01,Kansas,Sedgwick County,Fast Food Restaurants,5b8ed2eda4ba7c002cfe6891,Freddy's Frozen Custard,15
2020-04-01,Kansas,Sedgwick County,Fast Food Restaurants,4b7b32f9f964a5205e572fe3,Spangles,16
2020-04-01,Kansas,Sedgwick County,Fast Food Restaurants,4bdf51536198c9b6a5c216ff,SONIC Drive In,17
2020-04-01,Kansas,Sedgwick County,Fast Food Restaurants,4b75f9a4f964a5208e332ee3,Freddy's Frozen Custard,18
2020-04-01,Kansas,Sedgwick County,Fast Food Restaurants,5c05ef73f193c0002c52e005,Dog N Shake,19
2020-04-01,Kansas,Sumner County,Residences,576aa695498eab09a154715c,Wellington Ks,1
2020-04-01,Kansas,Geary County,Professional & Other Places,4d9c7d63ef8f37048ce104ae,Fort Riley Main Post,1
2020-04-01,Kansas,Geary County,Professional & Other Places,4bcb7815fb84c9b656f21e3e,Fort Riley,2
2020-04-01,Kansas,Labette County,Big Box Stores,4c4b1ac5c668e21e1b949bf9,Walmart Supercenter,1
2020-04-01,Kansas,Montgomery County,Discount Stores,4dd57d72bd41965192d0f8fb,Dollar General,1
2020-04-01,Kansas,Montgomery County,Outdoors & Recreation,4c1e8b52fcf8c9b6bb71ad0b,Havana Lake,1
2020-04-01,Kansas,Saline County,Shops & Services,4e7b75e9d66a1ea72c6a0577,Sam's Club,1
2020-04-01,Kansas,Harvey County,Grocery,4ba59c58f964a520731639e3,Dillons,1
2020-04-01,Kansas,Harvey County,Grocery,4c6c2a7df2846dcb182762e9,Dillons,2
2020-04-01,Kansas,Franklin County,Shops & Services,51c9e9eb498e2806b41477dc,MoneyGram,1
2020-04-01,Kansas,Mitchell County,Fitness Center,4ed02a92722e01c58216b740,Wellness Center,1
2020-04-01,Kansas,Pawnee County,Discount Stores,4dd57e73bd41965192d11dc9,Dollar General,1
2020-04-01,Kansas,Butler County,Grocery,4be0440466d7b7132163b0e8,Dillons Marketplace,1
2020-04-01,Kansas,Butler County,Grocery,4c6c657399b9236aae80e2c9,Dillons,2
2020-04-01,Kansas,Butler County,Grocery,4c37a0423849c928ed0dbeb1,Dillons,3
2020-04-01,Kansas,Butler County,Medical,4c7955183badb1f734ad4e54,Susan B Allen Memorial Hospital,1
2020-04-01,Kansas,Butler County,Medical,4c04a130f423a5935ce6d116,Kansas Medical Center,2
2020-04-01,Kansas,Stafford County,Food,4e594973fa76d2b00c0bb3c5,Moms BAR N GRILL,1
2020-04-01,Kansas,Cherokee County,School,4dd833dfae60680f151b276a,Columbus Unified High School,1
2020-04-01,Kansas,Cherokee County,School,4da35fdf9935a093ef12c86f,Riverton High School,2
2020-04-01,Kansas,Cherokee County,School,4cf843c3a348f04d2120f75c,Galena High School,3
2020-04-01,Kansas,Grant County,Fast Food Restaurants,4ddabeec2271c5d36d89788e,SONIC Drive In,1
2020-04-01,Kansas,Montgomery County,Food,4cbf99c8985aa35d672d4812,Braum's Ice Cream & Burger Restaurant,1
2020-04-01,Kansas,Montgomery County,Food,50aa82ebe4b0e4f42ee66279,Braum's Icecream and Dairy,2
2020-04-01,Kansas,Montgomery County,Food,4bafe971f964a520f42a3ce3,Taco Mayo,3
2020-04-01,Kansas,Sumner County,Arts & Entertainment,4e73fd25c65bb91db3b70742,Sellers Park Football Field,1
2020-04-01,Kansas,Wallace County,Food,4c30d460213c2d7f5f0e335d,Stephen's Restaurant,1
2020-04-01,Kansas,Bourbon County,Food,4c2cd93bb34ad13a2df6ebce,Aunt Toadies,1
2020-04-01,Kansas,Shawnee County,Food,4e3adca4aeb7ec670291a7c6,Dunkin',1
2020-04-01,Kansas,Shawnee County,Food,5b0d9332c21cb1002cfdf781,El Torito,2
2020-04-01,Kansas,Shawnee County,Food,4c6705e9f7a80f477cdc9f7a,Casey's General Store,3
2020-04-01,Kansas,Republic County,Gas Stations,578a8840498eac87bf1cf0a6,Love's Travel Stop,1
2020-04-01,Kansas,Scott County,Food,4e65674f2271573ad8e3dbf3,La Fiesta,1
2020-04-01,Kansas,Scott County,Food,4dfb3645aeb7e41abbde9fdf,Casey's General Store,2
2020-04-01,Kansas,Sedgwick County,Grocery,4bb89124b35776b0b7ffc801,Dillons,1
2020-04-01,Kansas,Sedgwick County,Grocery,4b4a1c36f964a520ee7a26e3,Dillons,2
2020-04-01,Kansas,Sedgwick County,Grocery,4b8ebf16f964a520963433e3,Dillons,3
2020-04-01,Kansas,Sedgwick County,Grocery,4b81be7df964a52074bb30e3,Dillons,4
2020-04-01,Kansas,Sedgwick County,Grocery,4bd86c4d09ecb71358cb487c,Dillons,5
2020-04-01,Kansas,Sedgwick County,Grocery,4bbfa90fabf49521200bbe93,Dillons,6
2020-04-01,Kansas,Sedgwick County,Grocery,4b4e6a16f964a520deec26e3,Dillons Marketplace,7
2020-04-01,Kansas,Sedgwick County,Grocery,4b7dd16df964a520a8d62fe3,Dillons,8
2020-04-01,Kansas,Sedgwick County,Grocery,4b4a6ae6f964a520f38626e3,Dillons,9
2020-04-01,Kansas,Sedgwick County,Grocery,4b6c2f9bf964a52044282ce3,Dillons,10
2020-04-01,Kansas,Sedgwick County,Grocery,4b9d6e61f964a52037ac36e3,Dillons,11
2020-04-01,Kansas,Sedgwick County,Grocery,4b706dbcf964a520d8192de3,Dillons,12
2020-04-01,Kansas,Sedgwick County,Grocery,4db9b72093a0f369e8753480,Dillons,13
2020-04-01,Kansas,Sedgwick County,Grocery,4bbe78f1b083a593c11fa2e9,Dillons,14
2020-04-01,Kansas,Sedgwick County,Grocery,4eb168a149013eafe67350c4,Walmart Neighborhood Market,15
2020-04-01,Kansas,Sedgwick County,Grocery,4b60f194f964a520b0022ae3,Dillons,16
2020-04-01,Kansas,Sedgwick County,Grocery,519ebb5d498ed2f01ebb9620,Walmart Neighborhood Market,17
2020-04-01,Kansas,Sedgwick County,Grocery,4b6e1974f964a5206eaa2ce3,Dillons,18
2020-04-01,Kansas,Sedgwick County,Grocery,4e52d8f4fa76896ad280f68e,Walmart Neighborhood Market,19
2020-04-01,Kansas,Sedgwick County,Grocery,584b988716f00008d5614b16,Sprouts Farmers Market,20
2020-04-01,Kansas,Sedgwick County,Grocery,4b75de08f964a520a52a2ee3,ALDI,21
2020-04-01,Kansas,Sedgwick County,Grocery,4bb36af5715eef3bdf4686bb,Dillons,22
2020-04-01,Kansas,Sedgwick County,Grocery,4c424829da3dc9287b4dcab9,ALDI,23
2020-04-01,Kansas,Sedgwick County,Grocery,4e89c83702d5ac4d2cce60f1,Walmart Neighborhood Market,24
2020-04-01,Kansas,Sedgwick County,Grocery,4c0293d19a7920a1079bce79,Thai Binh Supermarket,25
2020-04-01,Kansas,Shawnee County,Drug Store,4b6ad7a2f964a520fee22be3,Walgreens,1
2020-04-01,Kansas,Shawnee County,Drug Store,551c1115498e6d86961801f3,Walmart Pharmacy,2
2020-04-01,Kansas,Shawnee County,Drug Store,4b7e010bf964a52094de2fe3,Walgreens,3
2020-04-01,Kansas,Cowley County,Colleges & Universities,4bf44bfa13a6b7138b2f5d33,Southwestern College,1
2020-04-01,Kansas,Cowley County,Colleges & Universities,4bf0d4db1f17ef3bb2d89bc8,Winfield High School,2
2020-04-01,Kansas,Labette County,Food,4c190868834e2d7f10c12980,Shredder's,1
2020-04-01,Kansas,Barton County,Convenience Store,5a57da84da7080394d2da6c4,Casey's General Store,1
2020-04-01,Kansas,Barton County,Convenience Store,5a57da87a8eb601e80090033,Casey's General Store,2
2020-04-01,Kansas,Logan County,Food,4f08f733e4b0cc066cd473d2,The Bluff,1
2020-04-01,Kansas,Cowley County,Grocery,4c37c71f2c8020a178b88900,Dillons,1
2020-04-01,Kansas,Cowley County,Grocery,4c10b4bc3ce120a18d73081c,Dillons,2
2020-04-01,Kansas,Finney County,Shops & Services,4c93ea290341370418126def,Sam's Club,1
2020-04-01,Kansas,Finney County,Shops & Services,5da2804e5f1f4300081562f3,Garden City Powersports Llc.,2
2020-04-01,Kansas,Finney County,Shops & Services,4e1b70a21495517ce51b6d4b,Crazy House,3
2020-04-01,Kansas,Finney County,Shops & Services,4dae0cdf6e81e2dffdbfd343,"Burtis Motor Company, Inc.",4
2020-04-01,Kansas,Harper County,Convenience Store,567f3801498e5faedf02e5f9,Conoco,1
2020-04-01,Kansas,Russell County,Grocery,4c290f5be19720a139eaf858,Klemas Apple Market,1
2020-04-01,Kansas,Brown County,Professional & Other Places,4c75ee1bb474a1cd42d7babf,Crosswinds Pet Food  Plant,1
2020-04-01,Kansas,Pottawatomie County,Big Box Stores,4b5204e2f964a520b16127e3,Walmart Supercenter,1
2020-04-01,Kansas,Wyandotte County,Hardware Stores,4ae4ab74f964a520ef9c21e3,Lowe's,1
2020-04-01,Kansas,Wyandotte County,Hardware Stores,4c98ab9fb6ee236a8ce1a9a7,Westlake Ace Hardware 033,2
2020-04-01,Kansas,Barton County,Grocery,5ce72e06471d6e002cdd00e6,Walmart Grocery Pickup,1
2020-04-01,Kansas,Barton County,Grocery,4bd4bf674e32d13a2fd3bf80,Dillons,2
2020-04-01,Kansas,Barton County,Grocery,4b9aeb01f964a52000e335e3,Dillons,3
2020-04-01,Kansas,Clay County,Nightlife Spots,4fad9794e4b0c824b84b7c1f,Suzie Q Bar & Grill,1
2020-04-01,Kansas,Montgomery County,Colleges & Universities,4ca3b611d695199c260947e7,Coffeyville Community College,1
2020-04-01,Kansas,Montgomery County,Colleges & Universities,4c81b83288e6199cfffeb3d4,Independence Community College (ICC),2
2020-04-01,Kansas,McPherson County,School,4b720423f964a5203c6a2de3,Canton Galva High School,1
2020-04-01,Kansas,McPherson County,School,4bbbaa3c2d9ea593feb39fce,Moundridge High School,2
2020-04-01,Kansas,McPherson County,School,4cb9b2bedd41a35d8d31e3a0,McPherson High School,3
2020-04-01,Kansas,Sedgwick County,Government,4bd4f6096798ef3bcdc5628d,Keeper Of The Plains,1
2020-04-01,Kansas,Sedgwick County,Government,4c9aa043b8e9224bd9ac4f3d,Wichita Police Department,2
2020-04-01,Kansas,Sedgwick County,Government,4c38e296ae2da593018e01c6,Bel Aire Kansas,3
2020-04-01,Kansas,Sedgwick County,Government,4c8e4b1ddaa937040f584bb1,Wichita School Service Center,4
2020-04-01,Kansas,Cherokee County,Food,539205ca498edbdef854d01b,Angels on the Route,1
2020-04-01,Kansas,Clay County,Fast Food Restaurants,4c4ad94346240f47665c77f2,SONIC Drive In,1
2020-04-01,Kansas,Mitchell County,Gas Stations,4c018bd527dcc92868bce052,Casey's General Store,1
