2020-04-01,New Hampshire,Belknap County,Alcohol,4e29bde018384dd0a0eec3ca,Case N Keg,1
2020-04-01,New Hampshire,Merrimack County,Shops & Services,52ab49f611d2d71908087c4f,walmart connection center,1
2020-04-01,New Hampshire,Merrimack County,Shops & Services,4b33d726f964a520552025e3,Sam's Club,2
2020-04-01,New Hampshire,Merrimack County,Shops & Services,4bbc891d3de8c9b6d90c9bad,R&R Wholesalers,3
2020-04-01,New Hampshire,Strafford County,Discount Stores,4b732ba0f964a520979f2de3,Dollar Tree,1
2020-04-01,New Hampshire,Hillsborough County,Alcohol,5957c272f62f2b5d40f9234a,The Packie,1
2020-04-01,New Hampshire,Strafford County,Drug Store,4b5fb062f964a52044c829e3,Walgreens,1
2020-04-01,New Hampshire,Strafford County,Drug Store,4e0e577d7d8bb178a8a85262,Rite Aid,2
2020-04-01,New Hampshire,Carroll County,Big Box Stores,4bae0345f964a520da7a3be3,Walmart Supercenter,1
2020-04-01,New Hampshire,Merrimack County,Hardware Stores,4bae64aef964a5206aac3be3,The Home Depot,1
2020-04-01,New Hampshire,Merrimack County,Hardware Stores,4ba3dd68f964a520006838e3,Lowe's,2
2020-04-01,New Hampshire,Merrimack County,Hardware Stores,4bd31dda462cb713ae8ddd07,The Home Depot,3
2020-04-01,New Hampshire,Hillsborough County,Gas Stations,4c207e0c63750f47e9a4bc67,Mobil,1
2020-04-01,New Hampshire,Hillsborough County,Gas Stations,563d136fcd109ebcf620dfbd,MEGA-X,2
2020-04-01,New Hampshire,Hillsborough County,Gas Stations,5b2551bdea1e44002c9ac2de,Irving Gas / Rusty Lantern Market,3
2020-04-01,New Hampshire,Rockingham County,Alcohol,5761b433498ee323b10d0765,New Hampshire Liquor & Wine outlet,1
2020-04-01,New Hampshire,Rockingham County,Alcohol,4b7d6652f964a52058bc2fe3,NH Liquor Store 38,2
2020-04-01,New Hampshire,Rockingham County,Alcohol,52b74a00498e36d233bafcb3,Lazy Dog Beer Shoppe,3
2020-04-01,New Hampshire,Rockingham County,Alcohol,55849815498e981977e1a004,New Hampshire Liquor & Wine Oulet,4
2020-04-01,New Hampshire,Belknap County,Professional & Other Places,51afd1ba498e2ca7a4ccf4d6,Walmart parking lot,1
2020-04-01,New Hampshire,Strafford County,Big Box Stores,4b60cbb3f964a5200dfa29e3,Walmart Supercenter,1
2020-04-01,New Hampshire,Strafford County,Big Box Stores,4b5c9b71f964a5208f3929e3,Walmart Supercenter,2
2020-04-01,New Hampshire,Strafford County,Big Box Stores,4b58f8f1f964a5203e7628e3,Target,3
2020-04-01,New Hampshire,Sullivan County,Big Box Stores,4c4753831262ef3b4f8bcc41,Walmart Supercenter,1
2020-04-01,New Hampshire,Grafton County,Drug Store,551c1117498e6d86961832ab,Walmart Pharmacy,1
2020-04-01,New Hampshire,Merrimack County,Gas Stations,566773d1498ea3606c647b13,Irving,1
2020-04-01,New Hampshire,Merrimack County,Gas Stations,4b637024f964a520db792ae3,Mega-X,2
2020-04-01,New Hampshire,Merrimack County,Gas Stations,4b9689c6f964a5200fd334e3,Irving Oil,3
2020-04-01,New Hampshire,Merrimack County,Gas Stations,4cf1b5d9517859418ac1c08f,Evan's Expressmart,4
2020-04-01,New Hampshire,Rockingham County,Fitness Center,53349292498eaacc92485380,Seabrook Station Gym,1
2020-04-01,New Hampshire,Rockingham County,Convenience Store,4dfbfb1f227185f38b935ddf,Circle K,1
2020-04-01,New Hampshire,Rockingham County,Convenience Store,4c291d25fe6e2d7f6154543c,Cumberland Farms,2
2020-04-01,New Hampshire,Rockingham County,Convenience Store,4c39b7ebae2da5936eef02c6,Cumberland Farms,3
2020-04-01,New Hampshire,Rockingham County,Convenience Store,51e45c031d9fd0e6fa8bab73,Cumberland Farms,4
2020-04-01,New Hampshire,Hillsborough County,Grocery,507ded43e4b0743d3821836c,Market Basket,1
2020-04-01,New Hampshire,Hillsborough County,Grocery,4afedd21f964a520033122e3,Market Basket,2
2020-04-01,New Hampshire,Hillsborough County,Grocery,4bff0a7768c7a593841b4044,Market Basket,3
2020-04-01,New Hampshire,Hillsborough County,Grocery,4b51f522f964a5206b5d27e3,Hannaford Supermarket,4
2020-04-01,New Hampshire,Hillsborough County,Grocery,4ebafe434690c313624f68eb,Market Basket,5
2020-04-01,New Hampshire,Hillsborough County,Grocery,4b33958ff964a5200d1b25e3,Market Basket,6
2020-04-01,New Hampshire,Hillsborough County,Grocery,4b58fa2df964a520837628e3,Hannaford Supermarket,7
2020-04-01,New Hampshire,Hillsborough County,Grocery,4c3e091f6faac9b68fa80d76,Shaw's,8
2020-04-01,New Hampshire,Hillsborough County,Grocery,4c2cdbdeb34ad13a00fbebce,Market Basket,9
2020-04-01,New Hampshire,Hillsborough County,Grocery,4b50cc33f964a520fc3227e3,Market Basket,10
2020-04-01,New Hampshire,Hillsborough County,Grocery,4bb40bc10cbcef3bfbac582a,Hannaford Supermarket,11
2020-04-01,New Hampshire,Hillsborough County,Grocery,4bc64d5b42419521b7f6031d,Hannaford Supermarket,12
2020-04-01,New Hampshire,Hillsborough County,Grocery,4bae7bf9f964a5201eb83be3,Hannaford Supermarket,13
2020-04-01,New Hampshire,Hillsborough County,Grocery,4bb878301261d13ae3a2e898,Hannaford Supermarket,14
2020-04-01,New Hampshire,Hillsborough County,Grocery,4b06bc71f964a52056ef22e3,Hannaford Supermarket,15
2020-04-01,New Hampshire,Hillsborough County,Grocery,4b38da8cf964a5202c5125e3,Shaw's,16
2020-04-01,New Hampshire,Hillsborough County,Grocery,4b3b63b5f964a520337325e3,Shaw's,17
2020-04-01,New Hampshire,Hillsborough County,Grocery,4bae36b1f964a52024933be3,Hannaford Supermarket,18
2020-04-01,New Hampshire,Hillsborough County,Grocery,4c75469f1b30a0931ad7ee09,Shaw's,19
2020-04-01,New Hampshire,Hillsborough County,Grocery,57ffb94238fa4c6bb788a3a1,Whole Foods Market,20
2020-04-01,New Hampshire,Hillsborough County,Grocery,4b33dcd1f964a520c72025e3,Shaw's,21
2020-04-01,New Hampshire,Hillsborough County,Grocery,4ba404e8f964a5205c7838e3,Shaw's,22
2020-04-01,New Hampshire,Hillsborough County,Grocery,5aab07f3ee71201c3682c272,Walmart Grocery Pickup and Delivery,23
2020-04-01,New Hampshire,Cheshire County,Colleges & Universities,4a953a19f964a520bc2220e3,Keene State College,1
2020-04-01,New Hampshire,Sullivan County,Food,4c0568e88f8fa593c6d2f10d,Dunkin',1
2020-04-01,New Hampshire,Sullivan County,Food,4ef505609a528bc5d908c5a5,The Sumner House,2
2020-04-01,New Hampshire,Rockingham County,Office,4bd3355a41b9ef3b8b8cffe5,Seabrook Station Nuclear Power Plant,1
2020-04-01,New Hampshire,Rockingham County,Office,4c28802a3492a5934263b728,Lonza Biologics,2
2020-04-01,New Hampshire,Rockingham County,Office,4b716de5f964a52031462de3,Seacoast Media Group,3
2020-04-01,New Hampshire,Rockingham County,Shops & Services,4e0c74f1d1646f1517864aae,Market Basket,1
2020-04-01,New Hampshire,Rockingham County,Shops & Services,5c26a1b96a5950002c4f6fb8,Service Credit Union,2
2020-04-01,New Hampshire,Rockingham County,Shops & Services,4bdc55a52a3a0f47c45ab2b6,Service Credit Union (Inside Walmart),3
2020-04-01,New Hampshire,Rockingham County,Shops & Services,59924746d3cce84d156894d7,Walmart Auto Care Centers,4
2020-04-01,New Hampshire,Rockingham County,Shops & Services,4ad0a01ef964a520d3d820e3,BJ's Wholesale Club,5
2020-04-01,New Hampshire,Rockingham County,Shops & Services,505f684fe4b0ccfa9254c778,Service Credit Union (Inside Walmart),6
2020-04-01,New Hampshire,Rockingham County,Shops & Services,4bc71efe0050b713b30ab83b,FedEx Ship Center,7
2020-04-01,New Hampshire,Rockingham County,Shops & Services,4b50e984f964a5205e3827e3,BJ's Wholesale Club,8
2020-04-01,New Hampshire,Rockingham County,Shops & Services,4de69dc71f6eb85ed6665ecd,Sandown Transfer Station,9
2020-04-01,New Hampshire,Rockingham County,Shops & Services,4bdc445c3904a593996a4d9e,Service Credit Union (Inside Walmart),10
2020-04-01,New Hampshire,Hillsborough County,Professional & Other Places,4bbd0576a0a0c9b6ef201b0f,United States Post Office,1
2020-04-01,New Hampshire,Merrimack County,Travel & Transport,52336af111d2fb1d9cc8d739,Hooksett Rest Area,1
2020-04-01,New Hampshire,Merrimack County,Travel & Transport,530a11b4498eae9fa3856ec1,Hooksett Rest Area (Southbound),2
2020-04-01,New Hampshire,Grafton County,Colleges & Universities,4c1bd01eb4e62d7f6005da93,Dartmouth College,1
2020-04-01,New Hampshire,Merrimack County,Drug Store,4c69b483cff2952128a3195e,Rite Aid,1
2020-04-01,New Hampshire,Merrimack County,Drug Store,4b7a2b3ef964a5204b252fe3,Rite Aid,2
2020-04-01,New Hampshire,Rockingham County,Big Box Stores,5390880a498e7de3eb9801ff,Walmart Supercenter,1
2020-04-01,New Hampshire,Rockingham County,Big Box Stores,4b5154e9f964a520214b27e3,Walmart Supercenter,2
2020-04-01,New Hampshire,Rockingham County,Big Box Stores,4b5e3d97f964a520a98529e3,Walmart Supercenter,3
2020-04-01,New Hampshire,Rockingham County,Big Box Stores,4caccc6c36fa6dcb3cc4e178,Walmart Supercenter,4
2020-04-01,New Hampshire,Rockingham County,Big Box Stores,4b8a943df964a520417332e3,Walmart,5
2020-04-01,New Hampshire,Rockingham County,Big Box Stores,4b847982f964a520b13731e3,Walmart Supercenter,6
2020-04-01,New Hampshire,Rockingham County,Big Box Stores,4aec782ff964a52082c721e3,Target,7
2020-04-01,New Hampshire,Rockingham County,Big Box Stores,4b520c19f964a520e76327e3,Walmart,8
2020-04-01,New Hampshire,Coös County,Fast Food Restaurants,4b887dcaf964a520ddfb31e3,McDonald's,1
2020-04-01,New Hampshire,Rockingham County,Airport,4a844785f964a52029fc1fe3,Manchester-Boston Regional Airport (MHT),1
2020-04-01,New Hampshire,Cheshire County,Shops & Services,4d8e0c841d06b1f734e33e3b,Monadnock Marketplace,1
2020-04-01,New Hampshire,Cheshire County,Shops & Services,5aeb405cd552c7002cf31e1c,Runnings,2
2020-04-01,New Hampshire,Merrimack County,Fitness Center,53ea7a06498e369a8a955821,Flipz Gymnastics Center,1
2020-04-01,New Hampshire,Belknap County,Gas Stations,4b93011af964a5200f2e34e3,Irving,1
2020-04-01,New Hampshire,Grafton County,Big Box Stores,4b732275f964a520659d2de3,Walmart Supercenter,1
2020-04-01,New Hampshire,Grafton County,Big Box Stores,4b784b10f964a520e7c22ee3,Walmart,2
2020-04-01,New Hampshire,Grafton County,Big Box Stores,4b816b73f964a520f8a430e3,Walmart,3
2020-04-01,New Hampshire,Grafton County,Big Box Stores,4b6d780ff964a5207b762ce3,Walmart Supercenter,4
2020-04-01,New Hampshire,Rockingham County,Grocery,5c69c299dee770002c45dad3,Market Basket,1
2020-04-01,New Hampshire,Rockingham County,Grocery,4d3f54811bd2a1439686e77c,Market Basket,2
2020-04-01,New Hampshire,Rockingham County,Grocery,4cc47f5001fb236a8047acba,Market Basket,3
2020-04-01,New Hampshire,Rockingham County,Grocery,4b5e24eef964a5201b8029e3,Market Basket,4
2020-04-01,New Hampshire,Rockingham County,Grocery,4ca6445214c3370436f7bd3b,Hannaford Supermarket,5
2020-04-01,New Hampshire,Rockingham County,Grocery,4d9756e5744f37048928d257,Market Basket,6
2020-04-01,New Hampshire,Rockingham County,Grocery,4b86d457f964a52030a031e3,Market Basket,7
2020-04-01,New Hampshire,Rockingham County,Grocery,4ba93ab6f964a52067163ae3,Market Basket,8
2020-04-01,New Hampshire,Rockingham County,Grocery,4b48d0fef964a520645826e3,Market Basket,9
2020-04-01,New Hampshire,Rockingham County,Grocery,4baf3a0ff964a5202ef23be3,Market Basket,10
2020-04-01,New Hampshire,Rockingham County,Grocery,4b6c8c4ef964a5204b422ce3,Hannaford Supermarket,11
2020-04-01,New Hampshire,Rockingham County,Grocery,4b5e3cc7f964a5207d8529e3,McKinnon's Market & Super Butcher Shop,12
2020-04-01,New Hampshire,Rockingham County,Grocery,4b4e45dbf964a520aae726e3,Market Basket,13
2020-04-01,New Hampshire,Rockingham County,Grocery,4b8a9dc8f964a5206c7532e3,Shaw's,14
2020-04-01,New Hampshire,Rockingham County,Grocery,4c5ee9f52815c9289cc8b867,Shaw's,15
2020-04-01,New Hampshire,Rockingham County,Grocery,4b784ac7f964a520d5c22ee3,Hannaford Supermarket,16
2020-04-01,New Hampshire,Rockingham County,Grocery,4b3e91d6f964a520129f25e3,Hannaford Supermarket,17
2020-04-01,New Hampshire,Rockingham County,Grocery,4b6cbce2f964a52079502ce3,Hannaford Supermarket,18
2020-04-01,New Hampshire,Rockingham County,Grocery,5806911838faeefa14c49723,Hannaford Supermarket,19
2020-04-01,New Hampshire,Rockingham County,Grocery,4ba2a67af964a520a10c38e3,Shaw's,20
2020-04-01,New Hampshire,Rockingham County,Grocery,53472d87498e040dc6f03b88,Hannaford Supermarket,21
2020-04-01,New Hampshire,Rockingham County,Grocery,4f3d8c0be4b0382fc03ea12c,Aldi,22
2020-04-01,New Hampshire,Rockingham County,Grocery,4b526713f964a520857b27e3,Hannaford Supermarket,23
2020-04-01,New Hampshire,Rockingham County,Grocery,5aab07dfb040563b53d4df34,Walmart Grocery Pickup,24
2020-04-01,New Hampshire,Rockingham County,Grocery,4bc68811b387d13a831dc2e8,Shaw's,25
2020-04-01,New Hampshire,Rockingham County,Grocery,5c4b7ee4f129b5002555683d,Walmart Grocery Pickup & Delivery,26
2020-04-01,New Hampshire,Merrimack County,Food,4d0656bf347da1cd0c80358f,Subway,1
2020-04-01,New Hampshire,Merrimack County,Food,4e1b6b7a2fb6a73574974cf9,Dunkin',2
2020-04-01,New Hampshire,Merrimack County,Food,4c0bc53d6071a59384afe132,Dunkin',3
2020-04-01,New Hampshire,Merrimack County,Food,4bb76f12f562ef3b58643197,The Brick House,4
2020-04-01,New Hampshire,Merrimack County,Food,4c8ef4c5d2aea093fbe2d269,Associated Grocers of New England,5
2020-04-01,New Hampshire,Merrimack County,Fast Food Restaurants,4be44ee02457a593dd09aa15,McDonald's,1
2020-04-01,New Hampshire,Merrimack County,Fast Food Restaurants,4b72fc15f964a520e8932de3,McDonald's,2
2020-04-01,New Hampshire,Rockingham County,Food,50c3971de4b0fe852da0dbd9,Subway,1
2020-04-01,New Hampshire,Rockingham County,Food,5c9cf9c125fb7b002c11a22c,Subway,2
2020-04-01,New Hampshire,Rockingham County,Food,4cef695c8604a1cd53d3fcc0,SUBWAY,3
2020-04-01,New Hampshire,Rockingham County,Food,4b701521f964a52038062de3,Dunkin',4
2020-04-01,New Hampshire,Rockingham County,Food,4bd4db344e32d13a3912c080,Ninety Nine Restaurant,5
2020-04-01,New Hampshire,Rockingham County,Food,4c879d2ae602b1f7ea37c97a,Dunkin',6
2020-04-01,New Hampshire,Merrimack County,Grocery,4e7a29b652b1fc6a4b4129a8,Market Basket,1
2020-04-01,New Hampshire,Merrimack County,Grocery,4bc461ca461576b040c97f32,Market Basket,2
2020-04-01,New Hampshire,Merrimack County,Grocery,4b6f1dfbf964a52023de2ce3,Hannaford Supermarket,3
2020-04-01,New Hampshire,Merrimack County,Grocery,587be2a49e35d3122478785d,Hannaford Supermarket,4
2020-04-01,New Hampshire,Merrimack County,Grocery,4bc70aa16501c9b63ba33d29,Market Basket,5
2020-04-01,New Hampshire,Merrimack County,Grocery,4b33b4a6f964a520611d25e3,Shaw's,6
2020-04-01,New Hampshire,Merrimack County,Grocery,4af603edf964a520380022e3,Hannaford Supermarket,7
2020-04-01,New Hampshire,Merrimack County,Grocery,4c35ddae213c2d7fb4bc3a5d,Hannaford Supermarket,8
2020-04-01,New Hampshire,Merrimack County,Grocery,4c38a47ddfb0e21e4ee9aea8,Shaw's,9
2020-04-01,New Hampshire,Merrimack County,Grocery,4ba7d797f964a52020b839e3,Market Basket,10
2020-04-01,New Hampshire,Belknap County,Big Box Stores,4b71e846f964a52067632de3,Walmart Supercenter,1
2020-04-01,New Hampshire,Belknap County,Big Box Stores,4d32356f8250f04d4a7af1e0,Walmart Supercenter,2
2020-04-01,New Hampshire,Hillsborough County,Big Box Stores,4b770607f964a5206a752ee3,Walmart Supercenter,1
2020-04-01,New Hampshire,Hillsborough County,Big Box Stores,4b5a1728f964a5208aac28e3,Walmart Supercenter,2
2020-04-01,New Hampshire,Hillsborough County,Big Box Stores,4b30eb4bf964a520e0fc24e3,Walmart,3
2020-04-01,New Hampshire,Hillsborough County,Big Box Stores,4b55e4f1f964a52006f527e3,Target,4
2020-04-01,New Hampshire,Hillsborough County,Big Box Stores,4b2ab6e2f964a5203aae24e3,Target,5
2020-04-01,New Hampshire,Coös County,Big Box Stores,4b43f29df964a520ceee25e3,Walmart Supercenter,1
2020-04-01,New Hampshire,Merrimack County,Convenience Store,4e4aeaeb18a808fd10f70e1a,Circle K,1
2020-04-01,New Hampshire,Merrimack County,Convenience Store,4bfad5cbd2b720a1932e326a,Irving Oil,2
2020-04-01,New Hampshire,Merrimack County,Convenience Store,4b6d895af964a520ff7a2ce3,Cumberland Farms,3
2020-04-01,New Hampshire,Merrimack County,Convenience Store,4c4f328b158eef3b924291e2,Cumberland Farms,4
2020-04-01,New Hampshire,Rockingham County,Drug Store,551c1116498e6d869618189c,Walmart Pharmacy,1
2020-04-01,New Hampshire,Rockingham County,Drug Store,4bf6e5aa4a67c928eea122cf,Walgreens,2
2020-04-01,New Hampshire,Rockingham County,Drug Store,4b76ba9df964a520125b2ee3,CVS pharmacy,3
2020-04-01,New Hampshire,Rockingham County,Drug Store,4dfb52f2ae60c9cdd389474e,CVS pharmacy,4
2020-04-01,New Hampshire,Rockingham County,Drug Store,4c37af0918e72d7f6e0417f5,CVS pharmacy,5
2020-04-01,New Hampshire,Rockingham County,Drug Store,4b90297af964a520687933e3,Walgreens,6
2020-04-01,New Hampshire,Hillsborough County,Hardware Stores,4b92caf6f964a5204a1c34e3,The Home Depot,1
2020-04-01,New Hampshire,Hillsborough County,Hardware Stores,4b6db40af964a520eb872ce3,The Home Depot,2
2020-04-01,New Hampshire,Hillsborough County,Hardware Stores,4bb0d87af964a5208e623ce3,Lowe's,3
2020-04-01,New Hampshire,Hillsborough County,Hardware Stores,4b6da581f964a520f6822ce3,Lowe's,4
2020-04-01,New Hampshire,Hillsborough County,Hardware Stores,4b586669f964a520085628e3,Lowe's,5
2020-04-01,New Hampshire,Hillsborough County,Hardware Stores,4ab4f8adf964a520d77120e3,The Home Depot,6
2020-04-01,New Hampshire,Hillsborough County,Hardware Stores,4bb0d9eff964a5202c633ce3,The Home Depot,7
2020-04-01,New Hampshire,Carroll County,Grocery,4b7aff5bf964a520ff4a2fe3,Hannaford Supermarket,1
2020-04-01,New Hampshire,Carroll County,Grocery,4b908453f964a520288e33e3,Hannaford Supermarket,2
2020-04-01,New Hampshire,Hillsborough County,Food,4e4de415bd4101d0d79d7fa5,Dunkin',1
2020-04-01,New Hampshire,Hillsborough County,Food,50e5e69ce4b0d59510ded3c8,The Pizza Man,2
2020-04-01,New Hampshire,Hillsborough County,Food,4b9110b3f964a520e2a133e3,Dunkin',3
2020-04-01,New Hampshire,Hillsborough County,Food,4b97dee4f964a520881b35e3,The Big One,4
2020-04-01,New Hampshire,Hillsborough County,Food,4c099eed009a0f47b425e8bf,Peterborough Pizza Barn,5
2020-04-01,New Hampshire,Hillsborough County,Food,5c104211e1791000395e46e8,Pressed Cafe,6
2020-04-01,New Hampshire,Rockingham County,Hardware Stores,4cd49403dfb4a1cdd907545c,The Home Depot,1
2020-04-01,New Hampshire,Rockingham County,Hardware Stores,4b928048f964a520a0fe33e3,The Home Depot,2
2020-04-01,New Hampshire,Rockingham County,Hardware Stores,4b61c2a0f964a52002212ae3,The Home Depot,3
2020-04-01,New Hampshire,Rockingham County,Hardware Stores,4ba29c4bf964a520100938e3,Lowe's,4
2020-04-01,New Hampshire,Rockingham County,Hardware Stores,4b3e6a85f964a520d79c25e3,The Home Depot,5
2020-04-01,New Hampshire,Rockingham County,Hardware Stores,4b9beef2f964a520823736e3,The Home Depot,6
2020-04-01,New Hampshire,Rockingham County,Hardware Stores,4b7747caf964a520688e2ee3,The Home Depot,7
2020-04-01,New Hampshire,Rockingham County,Hardware Stores,4beb3252b3352d7f4c2f56d2,Lowe's,8
2020-04-01,New Hampshire,Rockingham County,Hardware Stores,4f64c21ae4b036e3e842011c,Tractor Supply Co.,9
2020-04-01,New Hampshire,Rockingham County,Hardware Stores,4b93ef1ff964a520ec5a34e3,Lowe's,10
2020-04-01,New Hampshire,Rockingham County,Professional & Other Places,4c0d2c47b1b676b0db2de086,Walmart Distribution Center,1
2020-04-01,New Hampshire,Rockingham County,Professional & Other Places,5a678d96acc5f51ad7358f02,Pratt & Whittney,2
2020-04-01,New Hampshire,Hillsborough County,Outdoors & Recreation,4dac72c16e81162ae802491d,Mine Falls Park,1
2020-04-01,New Hampshire,Grafton County,Hotel,4bf4786e98ac0f47761064a8,The Dowds' Country Inn & Event Center,1
2020-04-01,New Hampshire,Merrimack County,Big Box Stores,4b758468f964a5201a112ee3,Walmart Supercenter,1
2020-04-01,New Hampshire,Merrimack County,Big Box Stores,4b32abf5f964a5207a1125e3,Walmart Supercenter,2
2020-04-01,New Hampshire,Merrimack County,Big Box Stores,4bc76d858b7c9c746b7036cf,Target,3
2020-04-01,New Hampshire,Merrimack County,Big Box Stores,4c1ff021a34cd13a781b7d74,Target,4
2020-04-01,New Hampshire,Hillsborough County,Discount Stores,4eb8398077c897273837e8bf,Dollar General,1
2020-04-01,New Hampshire,Cheshire County,Big Box Stores,4b776281f964a520d6962ee3,Walmart,1
2020-04-01,New Hampshire,Cheshire County,Big Box Stores,4cb7a35c7148f04d58ffc9ab,Walmart Supercenter,2
2020-04-01,New Hampshire,Cheshire County,Big Box Stores,4bbba967afe1b713437d2f4b,Walmart,3
2020-04-01,New Hampshire,Cheshire County,Big Box Stores,4b64d38df964a5200dd32ae3,Target,4
2020-04-01,New Hampshire,Sullivan County,Nightlife Spots,594d8a1ae55d8b3c0b906185,Smith Tavern,1
2020-04-01,New Hampshire,Rockingham County,Residences,53648453498ee5711c3a1e50,Windham,1
2020-04-01,New Hampshire,Sullivan County,Convenience Store,4c4753291262ef3bfa8acc41,Cumberland Farms,1
2020-04-01,New Hampshire,Belknap County,Grocery,4beed6f33686c9b6900a256e,Market Basket,1
2020-04-01,New Hampshire,Belknap County,Grocery,51a23023498eab4b48f740f6,Hannaford Supermarket,2
2020-04-01,New Hampshire,Belknap County,Grocery,55b7f9d8498e80229e8d9037,Hannaford Supermarket,3
2020-04-01,New Hampshire,Belknap County,Grocery,4bf92d26b182c9b6ec7e785a,Hannaford Supermarket,4
2020-04-01,New Hampshire,Belknap County,Grocery,4bca03af937ca59348dfa692,Shaw's,5
2020-04-01,New Hampshire,Rockingham County,Gas Stations,4bdc7dfcc712b71344c363b4,TravelCenters of America,1
2020-04-01,New Hampshire,Rockingham County,Gas Stations,59e8b30a3abcaf334ad3fef9,Irving Oil,2
2020-04-01,New Hampshire,Rockingham County,Gas Stations,4be5a931910020a19c45d314,Irving Stratham,3
2020-04-01,New Hampshire,Rockingham County,Gas Stations,4bbe8e224e7bd13a313c9b7f,Irving,4
2020-04-01,New Hampshire,Rockingham County,Gas Stations,4c006643379020a18b78467f,Circle-K Irving,5
2020-04-01,New Hampshire,Rockingham County,Gas Stations,59e8b40064c8e16a71ddadf0,Irving Oil,6
2020-04-01,New Hampshire,Strafford County,Professional & Other Places,4bc62824424195213faf031d,"Rochester, NH Post Office",1
2020-04-01,New Hampshire,Grafton County,Shops & Services,4c30aacb3896e21ed8d5e590,BJ's Wholesale Club,1
2020-04-01,New Hampshire,Grafton County,Medical,4b881256f964a52092dd31e3,Dartmouth-Hitchcock Medical Center,1
2020-04-01,New Hampshire,Strafford County,Grocery,4dceeba9183899ddfadfad45,Hannaford Supermarket,1
2020-04-01,New Hampshire,Strafford County,Grocery,4bf306f6e5eba59337151e90,Market Basket,2
2020-04-01,New Hampshire,Strafford County,Grocery,4b6f298bf964a52027e12ce3,Hannaford Supermarket,3
2020-04-01,New Hampshire,Strafford County,Grocery,57fabe98cd10bc661a044ae4,Market Basket,4
2020-04-01,New Hampshire,Strafford County,Grocery,4bca57dcb6c49c74ff659091,Market Basket,5
2020-04-01,New Hampshire,Strafford County,Grocery,4bcdd20b8920b713af52a0dc,Hannaford Supermarket,6
2020-04-01,New Hampshire,Strafford County,Grocery,4b43ea05f964a520eeed25e3,Market Basket,7
2020-04-01,New Hampshire,Strafford County,Grocery,4b6debe3f964a520019c2ce3,Hannaford Supermarket,8
2020-04-01,New Hampshire,Strafford County,Grocery,4b6f31d2f964a5207ee32ce3,Shaw's,9
2020-04-01,New Hampshire,Sullivan County,Drug Store,4d1cdf5ec17ff04d7667ca41,Rite Aid,1
2020-04-01,New Hampshire,Belknap County,Shops & Services,4e4a996a483b16676e408d64,UPS,1
2020-04-01,New Hampshire,Belknap County,Shops & Services,4b800467f964a520f74a30e3,BJ's Wholesale Club,2
2020-04-01,New Hampshire,Belknap County,Shops & Services,4e4c437fa809b3dab3a87991,Fedex Freight BNH Office,3
2020-04-01,New Hampshire,Strafford County,Gas Stations,59b74e3c029a552f85d00d1f,Walmart Gas,1
2020-04-01,New Hampshire,Strafford County,Gas Stations,59d4101e4b78c510639f89a1,Cumberland Farms,2
2020-04-01,New Hampshire,Strafford County,Gas Stations,50171ca1245f288635c815a4,Irving Oil,3
2020-04-01,New Hampshire,Strafford County,Shops & Services,51c9e868498e7db1dffdccad,MoneyGram,1
2020-04-01,New Hampshire,Strafford County,Shops & Services,4de130aee4cd846e409bfa16,Elf's Garden Center,2
2020-04-01,New Hampshire,Strafford County,Shops & Services,4c583b8330d82d7f2391db62,VIP Tires & Service,3
2020-04-01,New Hampshire,Hillsborough County,School,4b76df6af964a520f4652ee3,Manchester Memorial High School,1
2020-04-01,New Hampshire,Sullivan County,Grocery,4b82b164f964a520d1de30e3,Market Basket,1
2020-04-01,New Hampshire,Sullivan County,Grocery,4c10122ece57c928004981d2,Hannaford Supermarket,2
2020-04-01,New Hampshire,Sullivan County,Grocery,4e120273483bee47ff36d229,Leo's One-Stop Market,3
2020-04-01,New Hampshire,Cheshire County,Alcohol,4de941bbe4cd1573540bc211,Brewtopia,1
2020-04-01,New Hampshire,Strafford County,Convenience Store,4c4f31b0158eef3b2c2991e2,Cumberland Farms,1
2020-04-01,New Hampshire,Strafford County,Convenience Store,4e275c6d1f6e88a15457959a,Cumberland Farms,2
2020-04-01,New Hampshire,Carroll County,Convenience Store,4c278a08136d20a1091ce761,Circle K,1
2020-04-01,New Hampshire,Coös County,Grocery,5d5f179368764000087228a7,Walmart Grocery Pickup,1
2020-04-01,New Hampshire,Coös County,Grocery,4c520a3e99ecc9b6a7ad415a,Shaw's,2
2020-04-01,New Hampshire,Strafford County,Food,4e36d162bd41a0c6fd5edc1b,Dunkin',1
2020-04-01,New Hampshire,Strafford County,Food,4bb9e5d4935e952198772790,Dunkin',2
2020-04-01,New Hampshire,Strafford County,Food,553c1efe498e32049e6e6e3f,Las Palmas,3
2020-04-01,New Hampshire,Cheshire County,Fast Food Restaurants,4bc8b22f15a7ef3b1baa7bda,McDonald's,1
2020-04-01,New Hampshire,Cheshire County,Fast Food Restaurants,4bc603a4db8fa593989a9b37,Wendy’s,2
2020-04-01,New Hampshire,Coös County,Food,4e36d162bd41a0c6fd5edba6,Dunkin',1
2020-04-01,New Hampshire,Grafton County,Convenience Store,4d98c21cdaec224bee9e503e,Circle K,1
2020-04-01,New Hampshire,Hillsborough County,Convenience Store,5414db91498e7466df761788,Cumberland Farms,1
2020-04-01,New Hampshire,Hillsborough County,Convenience Store,5cf6cc4efb8e59002c83d1bd,Cumberland Farms Convenience,2
2020-04-01,New Hampshire,Hillsborough County,Convenience Store,4b74069cf964a52050c42de3,7-Eleven,3
2020-04-01,New Hampshire,Coös County,Nightlife Spots,4b9d3725f964a520389a36e3,Fagins Pub,1
2020-04-01,New Hampshire,Coös County,Nightlife Spots,4c2cfb1f77cfe21ea4e6b6f1,The Millyard,2
2020-04-01,New Hampshire,Belknap County,Hardware Stores,4ced74cf94b99eb0f2ae1f56,Lowe's,1
2020-04-01,New Hampshire,Belknap County,Hardware Stores,4ced754394b99eb0bdb81f56,Lowe's,2
2020-04-01,New Hampshire,Belknap County,Hardware Stores,4c7c05b1a8683704741e184d,The Home Depot,3
2020-04-01,New Hampshire,Rockingham County,Medical,4b705d3bf964a52072152de3,Exeter Hospital,1
2020-04-01,New Hampshire,Rockingham County,Medical,4bc4d2bcb492d13a679faa60,Portsmouth Regional Hospital,2
2020-04-01,New Hampshire,Strafford County,Hardware Stores,4bc6385542419521aecb031d,The Home Depot,1
2020-04-01,New Hampshire,Strafford County,Hardware Stores,4bd08ecfb221c9b64aedd3d0,The Home Depot,2
2020-04-01,New Hampshire,Strafford County,Hardware Stores,4bc9e08ccc8cd13af652bccf,Lowe's,3
2020-04-01,New Hampshire,Rockingham County,Fast Food Restaurants,4b6b368df964a520f2f92be3,McDonald's,1
2020-04-01,New Hampshire,Rockingham County,Fast Food Restaurants,4b76d396f964a5202b622ee3,McDonald's,2
2020-04-01,New Hampshire,Cheshire County,Drug Store,4bd9c2b02e6f0f4706db0b08,Walgreens,1
2020-04-01,New Hampshire,Coös County,Colleges & Universities,4dc7fe1118387d1bd57c4877,White Mountains Community College,1
2020-04-01,New Hampshire,Hillsborough County,Nightlife Spots,53725c8b498e89bf46bdc4ac,New Hampshire Liquor & Wine Outlet #10,1
2020-04-01,New Hampshire,Hillsborough County,Nightlife Spots,4c4b567e9c8d2d7f23add26a,Bud Hospitality Room,2
2020-04-01,New Hampshire,Hillsborough County,Nightlife Spots,4cb0f467b4b0a35d71074ece,Club Mont Royal,3
2020-04-01,New Hampshire,Hillsborough County,Nightlife Spots,59c2928a0ff4f947ee945afc,Goffe's Watering Hole,4
2020-04-01,New Hampshire,Hillsborough County,Shops & Services,5aa44e66ba57b45cfdcd4003,BJ’s Wholesale Club,1
2020-04-01,New Hampshire,Hillsborough County,Shops & Services,598a3513b8fd9d273da15b74,Walmart Vision Center,2
2020-04-01,New Hampshire,Hillsborough County,Shops & Services,50facf7be4b01b2679c06418,Hudson Mall,3
2020-04-01,New Hampshire,Hillsborough County,Shops & Services,4b604284f964a52064dc29e3,Sam's Club,4
2020-04-01,New Hampshire,Hillsborough County,Shops & Services,5a0c0b93a795bd516d7cec8f,Walmart Garden Center,5
2020-04-01,New Hampshire,Hillsborough County,Shops & Services,50885f3ae4b054f203c4a93f,Somerset Shopping Plaza,6
2020-04-01,New Hampshire,Hillsborough County,Shops & Services,4b648b87f964a5206abc2ae3,BJ's Wholesale Club,7
2020-04-01,New Hampshire,Hillsborough County,Shops & Services,4b770972f964a520fb762ee3,Costco,8
2020-04-01,New Hampshire,Hillsborough County,Shops & Services,4a6260c1f964a520e6c31fe3,Pheasant Lane Mall,9
2020-04-01,New Hampshire,Hillsborough County,Shops & Services,5a0bd0f2c0f163634325972c,Walmart Garden Center,10
2020-04-01,New Hampshire,Strafford County,Alcohol,5d16646752b6b10023ed325e,Nh Liquor Store - Somersworth/Dover,1
2020-04-01,New Hampshire,Strafford County,Alcohol,5a9f06d267e5f2782118feff,Nh State Liquor Store,2
2020-04-01,New Hampshire,Sullivan County,Hardware Stores,4cfc223fc671721ebf26c718,LaValley Building Supply,1
2020-04-01,New Hampshire,Merrimack County,Medical,4be7007a910020a1b3e1d414,Concord Hospital,1
2020-04-01,New Hampshire,Strafford County,Fast Food Restaurants,4bca6273cc8cd13a52b0bdcf,McDonald's,1
2020-04-01,New Hampshire,Strafford County,Fast Food Restaurants,4ba39fdbf964a520374d38e3,McDonald's,2
2020-04-01,New Hampshire,Strafford County,Fast Food Restaurants,54b85240498e0f55cadc1f28,Taco Bell,3
2020-04-01,New Hampshire,Hillsborough County,Fast Food Restaurants,54383e12498ecacff4e45504,Chick-fil-A,1
2020-04-01,New Hampshire,Hillsborough County,Fast Food Restaurants,4b8ed965f964a520e83a33e3,McDonald's,2
2020-04-01,New Hampshire,Hillsborough County,Fast Food Restaurants,4be7089ad4f7c9b6855d2720,McDonald's,3
2020-04-01,New Hampshire,Hillsborough County,Fast Food Restaurants,4b7c98e8f964a520f29c2fe3,McDonald's,4
2020-04-01,New Hampshire,Hillsborough County,Fast Food Restaurants,4bc9a86f937ca593cb14a692,McDonald's,5
2020-04-01,New Hampshire,Hillsborough County,Fast Food Restaurants,4b58556df964a5203b5328e3,McDonald's,6
2020-04-01,New Hampshire,Strafford County,Outdoors & Recreation,4ea41e6ab80355a9826f0730,Sunrise Lake,1
2020-04-01,New Hampshire,Grafton County,Grocery,4bb3e67d0cbcef3baa72582a,Hannaford Supermarket,1
2020-04-01,New Hampshire,Grafton County,Grocery,4c03208a413bb713ab6f9921,Price Chopper,2
2020-04-01,New Hampshire,Grafton County,Grocery,4b774464f964a5203a8d2ee3,Price Chopper,3
2020-04-01,New Hampshire,Grafton County,Grocery,591f17316a59500d5b4656f6,Hannaford Supermarket,4
2020-04-01,New Hampshire,Cheshire County,Grocery,4bec191eca97d13a48b66c77,Market Basket,1
2020-04-01,New Hampshire,Cheshire County,Grocery,4b43f0f3f964a520a2ee25e3,Hannaford Supermarket,2
2020-04-01,New Hampshire,Cheshire County,Grocery,4c2124a211de20a1dadf82ce,Market Basket,3
2020-04-01,New Hampshire,Cheshire County,Grocery,4b6cd3e4f964a5206f572ce3,Price Chopper,4
2020-04-01,New Hampshire,Cheshire County,Grocery,55b7f9d8498e80229e8d9004,Hannaford Supermarket,5
2020-04-01,New Hampshire,Hillsborough County,Medical,4b70886df964a5204b202de3,Elliot Hospital,1
2020-04-01,New Hampshire,Hillsborough County,Medical,4dfb4ed0fa7641d78dd77946,Elliot Hospital Cardiology,2
2020-04-01,New Hampshire,Hillsborough County,Medical,4bc710388b7c9c745db335cf,Catholic Medical Center,3
2020-04-01,New Hampshire,Hillsborough County,Medical,4b6d847af964a520b7792ce3,St. Joseph Hospital,4
2020-04-01,New Hampshire,Grafton County,Hardware Stores,4b8452fdf964a520bc2e31e3,The Home Depot,1
2020-04-01,New Hampshire,Hillsborough County,Drug Store,4be5dbf92468c928b7ab0043,CVS pharmacy,1
2020-04-01,New Hampshire,Hillsborough County,Drug Store,4b7d820cf964a52026c32fe3,Rite Aid,2
2020-04-01,New Hampshire,Hillsborough County,Drug Store,4c60091c23e303bbaecf7407,Walgreens,3
2020-04-01,New Hampshire,Hillsborough County,Drug Store,4c38a81e1e06d13a8019783e,Walgreens,4
2020-04-01,New Hampshire,Hillsborough County,Drug Store,4c51be209d642d7fde9f1bde,Walgreens,5
2020-04-01,New Hampshire,Hillsborough County,Drug Store,4c705ee8fa49a1cd1bfea5e3,CVS pharmacy,6
2020-04-01,New Hampshire,Cheshire County,Hardware Stores,4b783f9ff964a52078bf2ee3,The Home Depot,1
2020-04-01,New Hampshire,Grafton County,Food,4dfa83e7fa7667368a6f1853,Subway,1
2020-04-01,New Hampshire,Grafton County,Food,56c5e96bcd10747a9d4991e4,Latham House Tavern,2
2020-04-01,New Hampshire,Rockingham County,Outdoors & Recreation,4df3719de4cda09e6da3086e,Beaver Lake,1
2020-04-01,New Hampshire,Strafford County,Medical,4b705cdff964a52055152de3,Wentworth-Douglass Hospital,1
2020-04-01,New Hampshire,Strafford County,Medical,4bfac4fd5efe2d7f7d156e34,Wentworth Douglass Medical Office,2
2020-04-01,New Hampshire,Belknap County,Outdoors & Recreation,4f9826f2e4b04925dbc53b22,Lake Winnepesaukee,1
2020-04-01,New Hampshire,Belknap County,Outdoors & Recreation,4c00388f147bd13a03882a4d,Lake Winnipesaukee,2
2020-04-01,New Hampshire,Belknap County,Outdoors & Recreation,4e122dfad22d759bae691b1e,Lake Pemigewasset,3
2020-04-01,New Hampshire,Rockingham County,Beach,4bd319c8caff952164fad3f0,North Beach,1
2020-04-01,New Hampshire,Rockingham County,Beach,4c3081d3452620a126321f0f,Plaice Cove,2
2020-04-01,New Hampshire,Rockingham County,Beach,4ba4f6e8f964a5207ac938e3,Seabrook Beach,3
